Workbook

Sheet Dashboard
A1: DASHBOARD
A3: Estado | B3: Plantilla V4 lista | D3: Indicadores (se llenarán automáticamente)
D4: Líder | E4: =IF('Tabla Posiciones'!B2="","-",'Tabla Posiciones'!B2) -> Pachuca
A5: Partidos | B5: ✓ | D5: Top Goleador | E5: =IF(Goleadores!$B$2="","-",IF(COUNTIF(Goleadores!$D$2:$D$1501,Goleadores!$D$2)=1,Goleadores!$B$2,IF(COUNTIF(Goleadores!$D$2:$D$1501,Goleadores!$D$2)=2,Goleadores!$B$2&" / "&Goleadores!$B$3,IF(COUNTIF(Goleadores!$D$2:$D$1501,Goleadores!$D$2)=3,Goleadores!$B$2&" / "&Goleadores!$B$3&" / "&Goleadores!$B$4,Goleadores!$B$2&" / "&Goleadores!$B$3&" / "&Goleadores!$B$4&" +"&(COUNTIF(Goleadores!$D$2:$D$1501,Goleadores!$D$2)-3)&" más")))) -> Rondón Salomon / El Ghezouani Mourad / Ocampos Lucas +1 más
A6: Tabla de Posiciones | B6: ✓ | D6: Top Asistente | E6: =IF(Asistencias!$B$2="","-",IF(COUNTIF(Asistencias!$D$2:$D$1501,Asistencias!$D$2)=1,Asistencias!$B$2,IF(COUNTIF(Asistencias!$D$2:$D$1501,Asistencias!$D$2)=2,Asistencias!$B$2&" / "&Asistencias!$B$3,IF(COUNTIF(Asistencias!$D$2:$D$1501,Asistencias!$D$2)=3,Asistencias!$B$2&" / "&Asistencias!$B$3&" / "&Asistencias!$B$4,Asistencias!$B$2&" / "&Asistencias!$B$3&" / "&Asistencias!$B$4&" +"&(COUNTIF(Asistencias!$D$2:$D$1501,Asistencias!$D$2)-3)&" más")))) -> Montiel Elias / Idrissi Oussama / Padilla Nanitamo +14 más
A7: Jugadores | B7: ✓ | D7: Top Remates al Arco | E7: =IF('Remates al Arco'!$B$2="","-",IF(COUNTIF('Remates al Arco'!$D$2:$D$1501,'Remates al Arco'!$D$2)=1,'Remates al Arco'!$B$2,IF(COUNTIF('Remates al Arco'!$D$2:$D$1501,'Remates al Arco'!$D$2)=2,'Remates al Arco'!$B$2&" / "&'Remates al Arco'!$B$3,IF(COUNTIF('Remates al Arco'!$D$2:$D$1501,'Remates al Arco'!$D$2)=3,'Remates al Arco'!$B$2&" / "&'Remates al Arco'!$B$3&" / "&'Remates al Arco'!$B$4,'Remates al Arco'!$B$2&" / "&'Remates al Arco'!$B$3&" / "&'Remates al Arco'!$B$4&" +"&(COUNTIF('Remates al Arco'!$D$2:$D$1501,'Remates al Arco'!$D$2)-3)&" más")))) -> Orellano Luca
A8: Estadísticas Jugadores | B8: ✓ | D8: Equipo más goleador | E8: =IF('Tabla Posiciones'!$B$2="","-",IF(COUNTIF('Tabla Posiciones'!$AO$2:$AO$61,1)=1,IFERROR(INDEX('Tabla Posiciones'!$N$2:$N$61,MATCH("GF|1",'Tabla Posiciones'!$AQ$2:$AQ$61,0)),""),IF(COUNTIF('Tabla Posiciones'!$AO$2:$AO$61,1)=2,IFERROR(INDEX('Tabla Posiciones'!$N$2:$N$61,MATCH("GF|1",'Tabla Posiciones'!$AQ$2:$AQ$61,0)),"")&" / "&IFERROR(INDEX('Tabla Posiciones'!$N$2:$N$61,MATCH("GF|2",'Tabla Posiciones'!$AQ$2:$AQ$61,0)),""),IF(COUNTIF('Tabla Posiciones'!$AO$2:$AO$61,1)=3,IFERROR(INDEX('Tabla Posiciones'!$N$2:$N$61,MATCH("GF|1",'Tabla Posiciones'!$AQ$2:$AQ$61,0)),"")&" / "&IFERROR(INDEX('Tabla Posiciones'!$N$2:$N$61,MATCH("GF|2",'Tabla Posiciones'!$AQ$2:$AQ$61,0)),"")&" / "&IFERROR(INDEX('Tabla Posiciones'!$N$2:$N$61,MATCH("GF|3",'Tabla Posiciones'!$AQ$2:$AQ$61,0)),""),IFERROR(INDEX('Tabla Posiciones'!$N$2:$N$61,MATCH("GF|1",'Tabla Posiciones'!$AQ$2:$AQ$61,0)),"")&" / "&IFERROR(INDEX('Tabla Posiciones'!$N$2:$N$61,MATCH("GF|2",'Tabla Posiciones'!$AQ$2:$AQ$61,0)),"")&" / "&IFERROR(INDEX('Tabla Posiciones'!$N$2:$N$61,MATCH("GF|3",'Tabla Posiciones'!$AQ$2:$AQ$61,0)),"")&" +"&(COUNTIF('Tabla Posiciones'!$AO$2:$AO$61,1)-3)&" más")))) -> Tijuana / Atlas / Cruz Azul +2 más
A9: Goleadores | B9: ✓ | D9: Equipo mejor defensa | E9: =IF('Tabla Posiciones'!$B$2="","-",IF(COUNTIF('Tabla Posiciones'!$AR$2:$AR$61,1)=1,IFERROR(INDEX('Tabla Posiciones'!$N$2:$N$61,MATCH("GC|1",'Tabla Posiciones'!$AT$2:$AT$61,0)),""),IF(COUNTIF('Tabla Posiciones'!$AR$2:$AR$61,1)=2,IFERROR(INDEX('Tabla Posiciones'!$N$2:$N$61,MATCH("GC|1",'Tabla Posiciones'!$AT$2:$AT$61,0)),"")&" / "&IFERROR(INDEX('Tabla Posiciones'!$N$2:$N$61,MATCH("GC|2",'Tabla Posiciones'!$AT$2:$AT$61,0)),""),IF(COUNTIF('Tabla Posiciones'!$AR$2:$AR$61,1)=3,IFERROR(INDEX('Tabla Posiciones'!$N$2:$N$61,MATCH("GC|1",'Tabla Posiciones'!$AT$2:$AT$61,0)),"")&" / "&IFERROR(INDEX('Tabla Posiciones'!$N$2:$N$61,MATCH("GC|2",'Tabla Posiciones'!$AT$2:$AT$61,0)),"")&" / "&IFERROR(INDEX('Tabla Posiciones'!$N$2:$N$61,MATCH("GC|3",'Tabla Posiciones'!$AT$2:$AT$61,0)),""),IFERROR(INDEX('Tabla Posiciones'!$N$2:$N$61,MATCH("GC|1",'Tabla Posiciones'!$AT$2:$AT$61,0)),"")&" / "&IFERROR(INDEX('Tabla Posiciones'!$N$2:$N$61,MATCH("GC|2",'Tabla Posiciones'!$AT$2:$AT$61,0)),"")&" / "&IFERROR(INDEX('Tabla Posiciones'!$N$2:$N$61,MATCH("GC|3",'Tabla Posiciones'!$AT$2:$AT$61,0)),"")&" +"&(COUNTIF('Tabla Posiciones'!$AR$2:$AR$61,1)-3)&" más")))) -> Puebla / Pachuca / Toluca +1 más
A10: Asistencias | B10: ✓
A11: Remates al Arco | B11: ✓

Sheet Partidos
A1: Fecha | B1: Jornada | C1: Local | D1: Visitante | E1: Goles L | F1: Goles V | G1: Goles HT L | H1: Goles HT V | I1: xG L | J1: xG V | K1: Remates L | L1: Remates V | M1: Remates Arco L | N1: Remates Arco V | O1: Posesión L | P1: Posesión V | Q1: Corners L | R1: Corners V | S1: Portero L | T1: Atajadas L | U1: Portero V | V1: Atajadas V | W1: Aux: N° partido Local | X1: Aux: N° partido Visit | Y1: Aux: Clave Local | Z1: Aux: Clave Visit | AA1: Aux: nuevo Local? | AB1: Aux: nuevo Visit? | AC1: Aux: seq Local | AD1: Aux: seq Visit | AE1: Aux: clave equipo Local | AF1: Aux: clave equipo Visit | AG1: Rojas Local | AH1: Expulsados Local (jugador y minuto) | AI1: Rojas Visita | AJ1: Expulsados Visita (jugador y minuto)
A2: 46219 | B2: 1 | C2: Necaxa | D2: Atlante | E2: 2 | F2: 1 | G2: 0 | H2: 0 | I2: 2.39 | J2: 0.6 | K2: 11 | L2: 12 | M2: 5 | N2: 3 | O2: 0.64 | P2: 0.36 | Q2: 11 | R2: 5 | S2: Jimenez Luis | T2: 2 | U2: Jimenez Oscar | V2: 3 | W2: =IF($C2="","",SUMPRODUCT(($C$2:C2=C2)+($D$2:D2=C2))) -> 1 | X2: =IF($D2="","",SUMPRODUCT(($C$2:C2=D2)+($D$2:D2=D2))) -> 1 | Y2: =IF($C2="","",C2&"|"&W2) -> Necaxa|1 | Z2: =IF($D2="","",D2&"|"&X2) -> Atlante|1 | AA2: =IF($C2="","",IF(COUNTIF($C$1:C1,$C2)+COUNTIF($D$1:D1,$C2)=0,1,0)) -> 1 | AB2: =IF($D2="","",IF(COUNTIF($C$1:C2,$D2)+COUNTIF($D$1:D1,$D2)=0,1,0)) -> 1 | AC2: =IF(AA2=1,SUM($AA$2:AA2)-AA2+SUM($AB$2:AB2)-AB2+1,"") -> 1 | AD2: =IF(AB2=1,SUM($AA$2:AA2)+SUM($AB$2:AB2)-AB2+1,"") -> 2 | AE2: =IF(AC2="","","TEAM|"&AC2) -> TEAM|1 | AF2: =IF(AD2="","","TEAM|"&AD2) -> TEAM|2 | AG2: =IF(AH2="",0,LEN(AH2)-LEN(SUBSTITUTE(AH2,"/",""))+1) -> 0 | AI2: =IF(AJ2="",0,LEN(AJ2)-LEN(SUBSTITUTE(AJ2,"/",""))+1) -> 0
A3: 46219 | B3: 1 | C3: Tijuana | D3: Tigres UANL | E3: 3 | F3: 1 | G3: 1 | H3: 0 | I3: 2.01 | J3: 0.61 | K3: 14 | L3: 8 | M3: 7 | N3: 4 | O3: 0.51 | P3: 0.49 | Q3: 1 | R3: 4 | S3: Rodríguez Antonio | T3: 3 | U3: Guzman Nahuel | V3: 4 | W3: =IF($C3="","",SUMPRODUCT(($C$2:C3=C3)+($D$2:D3=C3))) -> 1 | X3: =IF($D3="","",SUMPRODUCT(($C$2:C3=D3)+($D$2:D3=D3))) -> 1 | Y3: =IF($C3="","",C3&"|"&W3) -> Tijuana|1 | Z3: =IF($D3="","",D3&"|"&X3) -> Tigres UANL|1 | AA3: =IF($C3="","",IF(COUNTIF($C$1:C2,$C3)+COUNTIF($D$1:D2,$C3)=0,1,0)) -> 1 | AB3: =IF($D3="","",IF(COUNTIF($C$1:C3,$D3)+COUNTIF($D$1:D2,$D3)=0,1,0)) -> 1 | AC3: =IF(AA3=1,SUM($AA$2:AA3)-AA3+SUM($AB$2:AB3)-AB3+1,"") -> 3 | AD3: =IF(AB3=1,SUM($AA$2:AA3)+SUM($AB$2:AB3)-AB3+1,"") -> 4 | AE3: =IF(AC3="","","TEAM|"&AC3) -> TEAM|3 | AF3: =IF(AD3="","","TEAM|"&AD3) -> TEAM|4 | AG3: =IF(AH3="",0,LEN(AH3)-LEN(SUBSTITUTE(AH3,"/",""))+1) -> 0 | AI3: =IF(AJ3="",0,LEN(AJ3)-LEN(SUBSTITUTE(AJ3,"/",""))+1) -> 1 | AJ3: Aguirre Rodrigo (45+1')
A4: 46220 | B4: 1 | C4: León | D4: Atlas | E4: 2 | F4: 3 | G4: 1 | H4: 1 | I4: 1.36 | J4: 1.75 | K4: 16 | L4: 9 | M4: 8 | N4: 7 | O4: 0.46 | P4: 0.54 | Q4: 6 | R4: 2 | S4: Garcia Oscar | T4: 4 | U4: Sanchez Antonio | V4: 6 | W4: =IF($C4="","",SUMPRODUCT(($C$2:C4=C4)+($D$2:D4=C4))) -> 1 | X4: =IF($D4="","",SUMPRODUCT(($C$2:C4=D4)+($D$2:D4=D4))) -> 1 | Y4: =IF($C4="","",C4&"|"&W4) -> León|1 | Z4: =IF($D4="","",D4&"|"&X4) -> Atlas|1 | AA4: =IF($C4="","",IF(COUNTIF($C$1:C3,$C4)+COUNTIF($D$1:D3,$C4)=0,1,0)) -> 1 | AB4: =IF($D4="","",IF(COUNTIF($C$1:C4,$D4)+COUNTIF($D$1:D3,$D4)=0,1,0)) -> 1 | AC4: =IF(AA4=1,SUM($AA$2:AA4)-AA4+SUM($AB$2:AB4)-AB4+1,"") -> 5 | AD4: =IF(AB4=1,SUM($AA$2:AA4)+SUM($AB$2:AB4)-AB4+1,"") -> 6 | AE4: =IF(AC4="","","TEAM|"&AC4) -> TEAM|5 | AF4: =IF(AD4="","","TEAM|"&AD4) -> TEAM|6 | AG4: =IF(AH4="",0,LEN(AH4)-LEN(SUBSTITUTE(AH4,"/",""))+1) -> 1 | AH4: Cambindo Abonia Diber Armando (42') | AI4: =IF(AJ4="",0,LEN(AJ4)-LEN(SUBSTITUTE(AJ4,"/",""))+1) -> 0
A5: 46220 | B5: 1 | C5: Atlético de San Luis | D5: Cruz Azul | E5: 2 | F5: 3 | G5: 0 | H5: 0 | I5: 1.29 | J5: 3.14 | K5: 13 | L5: 20 | M5: 5 | N5: 10 | O5: 0.46 | P5: 0.54 | Q5: 4 | R5: 4 | S5: Sanchez Andres | T5: 6 | U5: Mier Kevin | V5: 4 | W5: =IF($C5="","",SUMPRODUCT(($C$2:C5=C5)+($D$2:D5=C5))) -> 1 | X5: =IF($D5="","",SUMPRODUCT(($C$2:C5=D5)+($D$2:D5=D5))) -> 1 | Y5: =IF($C5="","",C5&"|"&W5) -> Atlético de San Luis|1 | Z5: =IF($D5="","",D5&"|"&X5) -> Cruz Azul|1 | AA5: =IF($C5="","",IF(COUNTIF($C$1:C4,$C5)+COUNTIF($D$1:D4,$C5)=0,1,0)) -> 1 | AB5: =IF($D5="","",IF(COUNTIF($C$1:C5,$D5)+COUNTIF($D$1:D4,$D5)=0,1,0)) -> 1 | AC5: =IF(AA5=1,SUM($AA$2:AA5)-AA5+SUM($AB$2:AB5)-AB5+1,"") -> 7 | AD5: =IF(AB5=1,SUM($AA$2:AA5)+SUM($AB$2:AB5)-AB5+1,"") -> 8 | AE5: =IF(AC5="","","TEAM|"&AC5) -> TEAM|7 | AF5: =IF(AD5="","","TEAM|"&AD5) -> TEAM|8 | AG5: =IF(AH5="",0,LEN(AH5)-LEN(SUBSTITUTE(AH5,"/",""))+1) -> 0 | AI5: =IF(AJ5="",0,LEN(AJ5)-LEN(SUBSTITUTE(AJ5,"/",""))+1) -> 0
A6: 46220 | B6: 1 | C6: Juárez | D6: Puebla | E6: 0 | F6: 1 | G6: 0 | H6: 1 | I6: 0.86 | J6: 1.21 | K6: 13 | L6: 13 | M6: 1 | N6: 5 | O6: 0.65 | P6: 0.35 | Q6: 5 | R6: 7 | S6: Jurado Sebastian | T6: 4 | U6: Gutierrez Daniel | V6: 1 | W6: =IF($C6="","",SUMPRODUCT(($C$2:C6=C6)+($D$2:D6=C6))) -> 1 | X6: =IF($D6="","",SUMPRODUCT(($C$2:C6=D6)+($D$2:D6=D6))) -> 1 | Y6: =IF($C6="","",C6&"|"&W6) -> Juárez|1 | Z6: =IF($D6="","",D6&"|"&X6) -> Puebla|1 | AA6: =IF($C6="","",IF(COUNTIF($C$1:C5,$C6)+COUNTIF($D$1:D5,$C6)=0,1,0)) -> 1 | AB6: =IF($D6="","",IF(COUNTIF($C$1:C6,$D6)+COUNTIF($D$1:D5,$D6)=0,1,0)) -> 1 | AC6: =IF(AA6=1,SUM($AA$2:AA6)-AA6+SUM($AB$2:AB6)-AB6+1,"") -> 9 | AD6: =IF(AB6=1,SUM($AA$2:AA6)+SUM($AB$2:AB6)-AB6+1,"") -> 10 | AE6: =IF(AC6="","","TEAM|"&AC6) -> TEAM|9 | AF6: =IF(AD6="","","TEAM|"&AD6) -> TEAM|10 | AG6: =IF(AH6="",0,LEN(AH6)-LEN(SUBSTITUTE(AH6,"/",""))+1) -> 0 | AI6: =IF(AJ6="",0,LEN(AJ6)-LEN(SUBSTITUTE(AJ6,"/",""))+1) -> 1 | AJ6: Moreno Iker (64')
A7: 46221 | B7: 1 | C7: Pumas UNAM | D7: Pachuca | E7: 0 | F7: 3 | G7: 0 | H7: 2 | I7: 0.28 | J7: 1.08 | K7: 9 | L7: 15 | M7: 1 | N7: 6 | O7: 0.61 | P7: 0.39 | Q7: 9 | R7: 4 | S7: Navas Keylor | T7: 3 | U7: Moreno Carlos | V7: 1 | W7: =IF($C7="","",SUMPRODUCT(($C$2:C7=C7)+($D$2:D7=C7))) -> 1 | X7: =IF($D7="","",SUMPRODUCT(($C$2:C7=D7)+($D$2:D7=D7))) -> 1 | Y7: =IF($C7="","",C7&"|"&W7) -> Pumas UNAM|1 | Z7: =IF($D7="","",D7&"|"&X7) -> Pachuca|1 | AA7: =IF($C7="","",IF(COUNTIF($C$1:C6,$C7)+COUNTIF($D$1:D6,$C7)=0,1,0)) -> 1 | AB7: =IF($D7="","",IF(COUNTIF($C$1:C7,$D7)+COUNTIF($D$1:D6,$D7)=0,1,0)) -> 1 | AC7: =IF(AA7=1,SUM($AA$2:AA7)-AA7+SUM($AB$2:AB7)-AB7+1,"") -> 11 | AD7: =IF(AB7=1,SUM($AA$2:AA7)+SUM($AB$2:AB7)-AB7+1,"") -> 12 | AE7: =IF(AC7="","","TEAM|"&AC7) -> TEAM|11 | AF7: =IF(AD7="","","TEAM|"&AD7) -> TEAM|12 | AG7: =IF(AH7="",0,LEN(AH7)-LEN(SUBSTITUTE(AH7,"/",""))+1) -> 0 | AI7: =IF(AJ7="",0,LEN(AJ7)-LEN(SUBSTITUTE(AJ7,"/",""))+1) -> 0
A8: 46221 | B8: 1 | C8: Monterrey | D8: Santos Laguna | E8: 3 | F8: 2 | G8: 3 | H8: 1 | I8: 1.82 | J8: 2.05 | K8: 19 | L8: 11 | M8: 13 | N8: 3 | O8: 0.57 | P8: 0.43 | Q8: 5 | R8: 5 | S8: Cardenas Luis | T8: 1 | U8: Acevedo Carlos | V8: 10 | W8: =IF($C8="","",SUMPRODUCT(($C$2:C8=C8)+($D$2:D8=C8))) -> 1 | X8: =IF($D8="","",SUMPRODUCT(($C$2:C8=D8)+($D$2:D8=D8))) -> 1 | Y8: =IF($C8="","",C8&"|"&W8) -> Monterrey|1 | Z8: =IF($D8="","",D8&"|"&X8) -> Santos Laguna|1 | AA8: =IF($C8="","",IF(COUNTIF($C$1:C7,$C8)+COUNTIF($D$1:D7,$C8)=0,1,0)) -> 1 | AB8: =IF($D8="","",IF(COUNTIF($C$1:C8,$D8)+COUNTIF($D$1:D7,$D8)=0,1,0)) -> 1 | AC8: =IF(AA8=1,SUM($AA$2:AA8)-AA8+SUM($AB$2:AB8)-AB8+1,"") -> 13 | AD8: =IF(AB8=1,SUM($AA$2:AA8)+SUM($AB$2:AB8)-AB8+1,"") -> 14 | AE8: =IF(AC8="","","TEAM|"&AC8) -> TEAM|13 | AF8: =IF(AD8="","","TEAM|"&AD8) -> TEAM|14 | AG8: =IF(AH8="",0,LEN(AH8)-LEN(SUBSTITUTE(AH8,"/",""))+1) -> 0 | AI8: =IF(AJ8="",0,LEN(AJ8)-LEN(SUBSTITUTE(AJ8,"/",""))+1) -> 0
A9: 46221 | B9: 1 | C9: Guadalajara | D9: Toluca | E9: 0 | F9: 2 | G9: 0 | H9: 1 | I9: 1.09 | J9: 1.77 | K9: 13 | L9: 14 | M9: 4 | N9: 9 | O9: 0.4 | P9: 0.6 | Q9: 9 | R9: 2 | S9: Rangel Raul | T9: 7 | U9: Garcia Palomera Luis Manuel | V9: 4 | W9: =IF($C9="","",SUMPRODUCT(($C$2:C9=C9)+($D$2:D9=C9))) -> 1 | X9: =IF($D9="","",SUMPRODUCT(($C$2:C9=D9)+($D$2:D9=D9))) -> 1 | Y9: =IF($C9="","",C9&"|"&W9) -> Guadalajara|1 | Z9: =IF($D9="","",D9&"|"&X9) -> Toluca|1 | AA9: =IF($C9="","",IF(COUNTIF($C$1:C8,$C9)+COUNTIF($D$1:D8,$C9)=0,1,0)) -> 1 | AB9: =IF($D9="","",IF(COUNTIF($C$1:C9,$D9)+COUNTIF($D$1:D8,$D9)=0,1,0)) -> 1 | AC9: =IF(AA9=1,SUM($AA$2:AA9)-AA9+SUM($AB$2:AB9)-AB9+1,"") -> 15 | AD9: =IF(AB9=1,SUM($AA$2:AA9)+SUM($AB$2:AB9)-AB9+1,"") -> 16 | AE9: =IF(AC9="","","TEAM|"&AC9) -> TEAM|15 | AF9: =IF(AD9="","","TEAM|"&AD9) -> TEAM|16 | AG9: =IF(AH9="",0,LEN(AH9)-LEN(SUBSTITUTE(AH9,"/",""))+1) -> 1 | AH9: Sepúlveda Ángel Baltazar (50') | AI9: =IF(AJ9="",0,LEN(AJ9)-LEN(SUBSTITUTE(AJ9,"/",""))+1) -> 0
A10: 46221 | B10: 1 | C10: Querétaro | D10: Club América | E10: 0 | F10: 1 | G10: 0 | H10: 0 | I10: 0.95 | J10: 1.64 | K10: 10 | L10: 17 | M10: 2 | N10: 5 | O10: 0.38 | P10: 0.62 | Q10: 2 | R10: 12 | S10: Allison Revuelta Guillermo | T10: 4 | U10: Cota Rodolfo | V10: 2 | W10: =IF($C10="","",SUMPRODUCT(($C$2:C10=C10)+($D$2:D10=C10))) -> 1 | X10: =IF($D10="","",SUMPRODUCT(($C$2:C10=D10)+($D$2:D10=D10))) -> 1 | Y10: =IF($C10="","",C10&"|"&W10) -> Querétaro|1 | Z10: =IF($D10="","",D10&"|"&X10) -> Club América|1 | AA10: =IF($C10="","",IF(COUNTIF($C$1:C9,$C10)+COUNTIF($D$1:D9,$C10)=0,1,0)) -> 1 | AB10: =IF($D10="","",IF(COUNTIF($C$1:C10,$D10)+COUNTIF($D$1:D9,$D10)=0,1,0)) -> 1 | AC10: =IF(AA10=1,SUM($AA$2:AA10)-AA10+SUM($AB$2:AB10)-AB10+1,"") -> 17 | AD10: =IF(AB10=1,SUM($AA$2:AA10)+SUM($AB$2:AB10)-AB10+1,"") -> 18 | AE10: =IF(AC10="","","TEAM|"&AC10) -> TEAM|17 | AF10: =IF(AD10="","","TEAM|"&AD10) -> TEAM|18 | AG10: =IF(AH10="",0,LEN(AH10)-LEN(SUBSTITUTE(AH10,"/",""))+1) -> 0 | AI10: =IF(AJ10="",0,LEN(AJ10)-LEN(SUBSTITUTE(AJ10,"/",""))+1) -> 1 | AJ10: Cervantes Martin del Campo Alan Jhosue (88')
W11: =IF($C11="","",SUMPRODUCT(($C$2:C11=C11)+($D$2:D11=C11))) | X11: =IF($D11="","",SUMPRODUCT(($C$2:C11=D11)+($D$2:D11=D11))) | Y11: =IF($C11="","",C11&"|"&W11) | Z11: =IF($D11="","",D11&"|"&X11) | AA11: =IF($C11="","",IF(COUNTIF($C$1:C10,$C11)+COUNTIF($D$1:D10,$C11)=0,1,0)) | AB11: =IF($D11="","",IF(COUNTIF($C$1:C11,$D11)+COUNTIF($D$1:D10,$D11)=0,1,0)) | AC11: =IF(AA11=1,SUM($AA$2:AA11)-AA11+SUM($AB$2:AB11)-AB11+1,"") | AD11: =IF(AB11=1,SUM($AA$2:AA11)+SUM($AB$2:AB11)-AB11+1,"") | AE11: =IF(AC11="","","TEAM|"&AC11) | AF11: =IF(AD11="","","TEAM|"&AD11) | AG11: =IF(AH11="",0,LEN(AH11)-LEN(SUBSTITUTE(AH11,"/",""))+1) -> 0 | AI11: =IF(AJ11="",0,LEN(AJ11)-LEN(SUBSTITUTE(AJ11,"/",""))+1) -> 0
W12: =IF($C12="","",SUMPRODUCT(($C$2:C12=C12)+($D$2:D12=C12))) | X12: =IF($D12="","",SUMPRODUCT(($C$2:C12=D12)+($D$2:D12=D12))) | Y12: =IF($C12="","",C12&"|"&W12) | Z12: =IF($D12="","",D12&"|"&X12) | AA12: =IF($C12="","",IF(COUNTIF($C$1:C11,$C12)+COUNTIF($D$1:D11,$C12)=0,1,0)) | AB12: =IF($D12="","",IF(COUNTIF($C$1:C12,$D12)+COUNTIF($D$1:D11,$D12)=0,1,0)) | AC12: =IF(AA12=1,SUM($AA$2:AA12)-AA12+SUM($AB$2:AB12)-AB12+1,"") | AD12: =IF(AB12=1,SUM($AA$2:AA12)+SUM($AB$2:AB12)-AB12+1,"") | AE12: =IF(AC12="","","TEAM|"&AC12) | AF12: =IF(AD12="","","TEAM|"&AD12) | AG12: =IF(AH12="",0,LEN(AH12)-LEN(SUBSTITUTE(AH12,"/",""))+1) -> 0 | AI12: =IF(AJ12="",0,LEN(AJ12)-LEN(SUBSTITUTE(AJ12,"/",""))+1) -> 0
W13: =IF($C13="","",SUMPRODUCT(($C$2:C13=C13)+($D$2:D13=C13))) | X13: =IF($D13="","",SUMPRODUCT(($C$2:C13=D13)+($D$2:D13=D13))) | Y13: =IF($C13="","",C13&"|"&W13) | Z13: =IF($D13="","",D13&"|"&X13) | AA13: =IF($C13="","",IF(COUNTIF($C$1:C12,$C13)+COUNTIF($D$1:D12,$C13)=0,1,0)) | AB13: =IF($D13="","",IF(COUNTIF($C$1:C13,$D13)+COUNTIF($D$1:D12,$D13)=0,1,0)) | AC13: =IF(AA13=1,SUM($AA$2:AA13)-AA13+SUM($AB$2:AB13)-AB13+1,"") | AD13: =IF(AB13=1,SUM($AA$2:AA13)+SUM($AB$2:AB13)-AB13+1,"") | AE13: =IF(AC13="","","TEAM|"&AC13) | AF13: =IF(AD13="","","TEAM|"&AD13) | AG13: =IF(AH13="",0,LEN(AH13)-LEN(SUBSTITUTE(AH13,"/",""))+1) -> 0 | AI13: =IF(AJ13="",0,LEN(AJ13)-LEN(SUBSTITUTE(AJ13,"/",""))+1) -> 0
W14: =IF($C14="","",SUMPRODUCT(($C$2:C14=C14)+($D$2:D14=C14))) | X14: =IF($D14="","",SUMPRODUCT(($C$2:C14=D14)+($D$2:D14=D14))) | Y14: =IF($C14="","",C14&"|"&W14) | Z14: =IF($D14="","",D14&"|"&X14) | AA14: =IF($C14="","",IF(COUNTIF($C$1:C13,$C14)+COUNTIF($D$1:D13,$C14)=0,1,0)) | AB14: =IF($D14="","",IF(COUNTIF($C$1:C14,$D14)+COUNTIF($D$1:D13,$D14)=0,1,0)) | AC14: =IF(AA14=1,SUM($AA$2:AA14)-AA14+SUM($AB$2:AB14)-AB14+1,"") | AD14: =IF(AB14=1,SUM($AA$2:AA14)+SUM($AB$2:AB14)-AB14+1,"") | AE14: =IF(AC14="","","TEAM|"&AC14) | AF14: =IF(AD14="","","TEAM|"&AD14) | AG14: =IF(AH14="",0,LEN(AH14)-LEN(SUBSTITUTE(AH14,"/",""))+1) -> 0 | AI14: =IF(AJ14="",0,LEN(AJ14)-LEN(SUBSTITUTE(AJ14,"/",""))+1) -> 0
W15: =IF($C15="","",SUMPRODUCT(($C$2:C15=C15)+($D$2:D15=C15))) | X15: =IF($D15="","",SUMPRODUCT(($C$2:C15=D15)+($D$2:D15=D15))) | Y15: =IF($C15="","",C15&"|"&W15) | Z15: =IF($D15="","",D15&"|"&X15) | AA15: =IF($C15="","",IF(COUNTIF($C$1:C14,$C15)+COUNTIF($D$1:D14,$C15)=0,1,0)) | AB15: =IF($D15="","",IF(COUNTIF($C$1:C15,$D15)+COUNTIF($D$1:D14,$D15)=0,1,0)) | AC15: =IF(AA15=1,SUM($AA$2:AA15)-AA15+SUM($AB$2:AB15)-AB15+1,"") | AD15: =IF(AB15=1,SUM($AA$2:AA15)+SUM($AB$2:AB15)-AB15+1,"") | AE15: =IF(AC15="","","TEAM|"&AC15) | AF15: =IF(AD15="","","TEAM|"&AD15) | AG15: =IF(AH15="",0,LEN(AH15)-LEN(SUBSTITUTE(AH15,"/",""))+1) -> 0 | AI15: =IF(AJ15="",0,LEN(AJ15)-LEN(SUBSTITUTE(AJ15,"/",""))+1) -> 0
W16: =IF($C16="","",SUMPRODUCT(($C$2:C16=C16)+($D$2:D16=C16))) | X16: =IF($D16="","",SUMPRODUCT(($C$2:C16=D16)+($D$2:D16=D16))) | Y16: =IF($C16="","",C16&"|"&W16) | Z16: =IF($D16="","",D16&"|"&X16) | AA16: =IF($C16="","",IF(COUNTIF($C$1:C15,$C16)+COUNTIF($D$1:D15,$C16)=0,1,0)) | AB16: =IF($D16="","",IF(COUNTIF($C$1:C16,$D16)+COUNTIF($D$1:D15,$D16)=0,1,0)) | AC16: =IF(AA16=1,SUM($AA$2:AA16)-AA16+SUM($AB$2:AB16)-AB16+1,"") | AD16: =IF(AB16=1,SUM($AA$2:AA16)+SUM($AB$2:AB16)-AB16+1,"") | AE16: =IF(AC16="","","TEAM|"&AC16) | AF16: =IF(AD16="","","TEAM|"&AD16) | AG16: =IF(AH16="",0,LEN(AH16)-LEN(SUBSTITUTE(AH16,"/",""))+1) -> 0 | AI16: =IF(AJ16="",0,LEN(AJ16)-LEN(SUBSTITUTE(AJ16,"/",""))+1) -> 0
W17: =IF($C17="","",SUMPRODUCT(($C$2:C17=C17)+($D$2:D17=C17))) | X17: =IF($D17="","",SUMPRODUCT(($C$2:C17=D17)+($D$2:D17=D17))) | Y17: =IF($C17="","",C17&"|"&W17) | Z17: =IF($D17="","",D17&"|"&X17) | AA17: =IF($C17="","",IF(COUNTIF($C$1:C16,$C17)+COUNTIF($D$1:D16,$C17)=0,1,0)) | AB17: =IF($D17="","",IF(COUNTIF($C$1:C17,$D17)+COUNTIF($D$1:D16,$D17)=0,1,0)) | AC17: =IF(AA17=1,SUM($AA$2:AA17)-AA17+SUM($AB$2:AB17)-AB17+1,"") | AD17: =IF(AB17=1,SUM($AA$2:AA17)+SUM($AB$2:AB17)-AB17+1,"") | AE17: =IF(AC17="","","TEAM|"&AC17) | AF17: =IF(AD17="","","TEAM|"&AD17) | AG17: =IF(AH17="",0,LEN(AH17)-LEN(SUBSTITUTE(AH17,"/",""))+1) -> 0 | AI17: =IF(AJ17="",0,LEN(AJ17)-LEN(SUBSTITUTE(AJ17,"/",""))+1) -> 0
W18: =IF($C18="","",SUMPRODUCT(($C$2:C18=C18)+($D$2:D18=C18))) | X18: =IF($D18="","",SUMPRODUCT(($C$2:C18=D18)+($D$2:D18=D18))) | Y18: =IF($C18="","",C18&"|"&W18) | Z18: =IF($D18="","",D18&"|"&X18) | AA18: =IF($C18="","",IF(COUNTIF($C$1:C17,$C18)+COUNTIF($D$1:D17,$C18)=0,1,0)) | AB18: =IF($D18="","",IF(COUNTIF($C$1:C18,$D18)+COUNTIF($D$1:D17,$D18)=0,1,0)) | AC18: =IF(AA18=1,SUM($AA$2:AA18)-AA18+SUM($AB$2:AB18)-AB18+1,"") | AD18: =IF(AB18=1,SUM($AA$2:AA18)+SUM($AB$2:AB18)-AB18+1,"") | AE18: =IF(AC18="","","TEAM|"&AC18) | AF18: =IF(AD18="","","TEAM|"&AD18) | AG18: =IF(AH18="",0,LEN(AH18)-LEN(SUBSTITUTE(AH18,"/",""))+1) -> 0 | AI18: =IF(AJ18="",0,LEN(AJ18)-LEN(SUBSTITUTE(AJ18,"/",""))+1) -> 0
W19: =IF($C19="","",SUMPRODUCT(($C$2:C19=C19)+($D$2:D19=C19))) | X19: =IF($D19="","",SUMPRODUCT(($C$2:C19=D19)+($D$2:D19=D19))) | Y19: =IF($C19="","",C19&"|"&W19) | Z19: =IF($D19="","",D19&"|"&X19) | AA19: =IF($C19="","",IF(COUNTIF($C$1:C18,$C19)+COUNTIF($D$1:D18,$C19)=0,1,0)) | AB19: =IF($D19="","",IF(COUNTIF($C$1:C19,$D19)+COUNTIF($D$1:D18,$D19)=0,1,0)) | AC19: =IF(AA19=1,SUM($AA$2:AA19)-AA19+SUM($AB$2:AB19)-AB19+1,"") | AD19: =IF(AB19=1,SUM($AA$2:AA19)+SUM($AB$2:AB19)-AB19+1,"") | AE19: =IF(AC19="","","TEAM|"&AC19) | AF19: =IF(AD19="","","TEAM|"&AD19) | AG19: =IF(AH19="",0,LEN(AH19)-LEN(SUBSTITUTE(AH19,"/",""))+1) -> 0 | AI19: =IF(AJ19="",0,LEN(AJ19)-LEN(SUBSTITUTE(AJ19,"/",""))+1) -> 0
W20: =IF($C20="","",SUMPRODUCT(($C$2:C20=C20)+($D$2:D20=C20))) | X20: =IF($D20="","",SUMPRODUCT(($C$2:C20=D20)+($D$2:D20=D20))) | Y20: =IF($C20="","",C20&"|"&W20) | Z20: =IF($D20="","",D20&"|"&X20) | AA20: =IF($C20="","",IF(COUNTIF($C$1:C19,$C20)+COUNTIF($D$1:D19,$C20)=0,1,0)) | AB20: =IF($D20="","",IF(COUNTIF($C$1:C20,$D20)+COUNTIF($D$1:D19,$D20)=0,1,0)) | AC20: =IF(AA20=1,SUM($AA$2:AA20)-AA20+SUM($AB$2:AB20)-AB20+1,"") | AD20: =IF(AB20=1,SUM($AA$2:AA20)+SUM($AB$2:AB20)-AB20+1,"") | AE20: =IF(AC20="","","TEAM|"&AC20) | AF20: =IF(AD20="","","TEAM|"&AD20) | AG20: =IF(AH20="",0,LEN(AH20)-LEN(SUBSTITUTE(AH20,"/",""))+1) -> 0 | AI20: =IF(AJ20="",0,LEN(AJ20)-LEN(SUBSTITUTE(AJ20,"/",""))+1) -> 0
W21: =IF($C21="","",SUMPRODUCT(($C$2:C21=C21)+($D$2:D21=C21))) | X21: =IF($D21="","",SUMPRODUCT(($C$2:C21=D21)+($D$2:D21=D21))) | Y21: =IF($C21="","",C21&"|"&W21) | Z21: =IF($D21="","",D21&"|"&X21) | AA21: =IF($C21="","",IF(COUNTIF($C$1:C20,$C21)+COUNTIF($D$1:D20,$C21)=0,1,0)) | AB21: =IF($D21="","",IF(COUNTIF($C$1:C21,$D21)+COUNTIF($D$1:D20,$D21)=0,1,0)) | AC21: =IF(AA21=1,SUM($AA$2:AA21)-AA21+SUM($AB$2:AB21)-AB21+1,"") | AD21: =IF(AB21=1,SUM($AA$2:AA21)+SUM($AB$2:AB21)-AB21+1,"") | AE21: =IF(AC21="","","TEAM|"&AC21) | AF21: =IF(AD21="","","TEAM|"&AD21) | AG21: =IF(AH21="",0,LEN(AH21)-LEN(SUBSTITUTE(AH21,"/",""))+1) -> 0 | AI21: =IF(AJ21="",0,LEN(AJ21)-LEN(SUBSTITUTE(AJ21,"/",""))+1) -> 0
W22: =IF($C22="","",SUMPRODUCT(($C$2:C22=C22)+($D$2:D22=C22))) | X22: =IF($D22="","",SUMPRODUCT(($C$2:C22=D22)+($D$2:D22=D22))) | Y22: =IF($C22="","",C22&"|"&W22) | Z22: =IF($D22="","",D22&"|"&X22) | AA22: =IF($C22="","",IF(COUNTIF($C$1:C21,$C22)+COUNTIF($D$1:D21,$C22)=0,1,0)) | AB22: =IF($D22="","",IF(COUNTIF($C$1:C22,$D22)+COUNTIF($D$1:D21,$D22)=0,1,0)) | AC22: =IF(AA22=1,SUM($AA$2:AA22)-AA22+SUM($AB$2:AB22)-AB22+1,"") | AD22: =IF(AB22=1,SUM($AA$2:AA22)+SUM($AB$2:AB22)-AB22+1,"") | AE22: =IF(AC22="","","TEAM|"&AC22) | AF22: =IF(AD22="","","TEAM|"&AD22) | AG22: =IF(AH22="",0,LEN(AH22)-LEN(SUBSTITUTE(AH22,"/",""))+1) -> 0 | AI22: =IF(AJ22="",0,LEN(AJ22)-LEN(SUBSTITUTE(AJ22,"/",""))+1) -> 0
... W1001: =IF($C1001="","",SUMPRODUCT(($C$2:C1001=C1001)+($D$2:D1001=C1001))) | X1001: =IF($D1001="","",SUMPRODUCT(($C$2:C1001=D1001)+($D$2:D1001=D1001))) | Y1001: =IF($C1001="","",C1001&"|"&W1001) | Z1001: =IF($D1001="","",D1001&"|"&X1001) | AA1001: =IF($C1001="","",IF(COUNTIF($C$1:C1000,$C1001)+COUNTIF($D$1:D1000,$C1001)=0,1,0)) | AB1001: =IF($D1001="","",IF(COUNTIF($C$1:C1001,$D1001)+COUNTIF($D$1:D1000,$D1001)=0,1,0)) | AC1001: =IF(AA1001=1,SUM($AA$2:AA1001)-AA1001+SUM($AB$2:AB1001)-AB1001+1,"") | AD1001: =IF(AB1001=1,SUM($AA$2:AA1001)+SUM($AB$2:AB1001)-AB1001+1,"") | AE1001: =IF(AC1001="","","TEAM|"&AC1001) | AF1001: =IF(AD1001="","","TEAM|"&AD1001) | AG1001: =IF(AH1001="",0,LEN(AH1001)-LEN(SUBSTITUTE(AH1001,"/",""))+1) -> 0 | AI1001: =IF(AJ1001="",0,LEN(AJ1001)-LEN(SUBSTITUTE(AJ1001,"/",""))+1) -> 0
AG1002: =IF(AH1002="",0,LEN(AH1002)-LEN(SUBSTITUTE(AH1002,"/",""))+1) -> 0 | AI1002: =IF(AJ1002="",0,LEN(AJ1002)-LEN(SUBSTITUTE(AJ1002,"/",""))+1) -> 0
AG1003: =IF(AH1003="",0,LEN(AH1003)-LEN(SUBSTITUTE(AH1003,"/",""))+1) -> 0 | AI1003: =IF(AJ1003="",0,LEN(AJ1003)-LEN(SUBSTITUTE(AJ1003,"/",""))+1) -> 0
AG1004: =IF(AH1004="",0,LEN(AH1004)-LEN(SUBSTITUTE(AH1004,"/",""))+1) -> 0 | AI1004: =IF(AJ1004="",0,LEN(AJ1004)-LEN(SUBSTITUTE(AJ1004,"/",""))+1) -> 0
AG1005: =IF(AH1005="",0,LEN(AH1005)-LEN(SUBSTITUTE(AH1005,"/",""))+1) -> 0 | AI1005: =IF(AJ1005="",0,LEN(AJ1005)-LEN(SUBSTITUTE(AJ1005,"/",""))+1) -> 0
AG1006: =IF(AH1006="",0,LEN(AH1006)-LEN(SUBSTITUTE(AH1006,"/",""))+1) -> 0 | AI1006: =IF(AJ1006="",0,LEN(AJ1006)-LEN(SUBSTITUTE(AJ1006,"/",""))+1) -> 0
AG1007: =IF(AH1007="",0,LEN(AH1007)-LEN(SUBSTITUTE(AH1007,"/",""))+1) -> 0 | AI1007: =IF(AJ1007="",0,LEN(AJ1007)-LEN(SUBSTITUTE(AJ1007,"/",""))+1) -> 0
AG1008: =IF(AH1008="",0,LEN(AH1008)-LEN(SUBSTITUTE(AH1008,"/",""))+1) -> 0 | AI1008: =IF(AJ1008="",0,LEN(AJ1008)-LEN(SUBSTITUTE(AJ1008,"/",""))+1) -> 0
AG1009: =IF(AH1009="",0,LEN(AH1009)-LEN(SUBSTITUTE(AH1009,"/",""))+1) -> 0 | AI1009: =IF(AJ1009="",0,LEN(AJ1009)-LEN(SUBSTITUTE(AJ1009,"/",""))+1) -> 0
AG1010: =IF(AH1010="",0,LEN(AH1010)-LEN(SUBSTITUTE(AH1010,"/",""))+1) -> 0 | AI1010: =IF(AJ1010="",0,LEN(AJ1010)-LEN(SUBSTITUTE(AJ1010,"/",""))+1) -> 0
AG1011: =IF(AH1011="",0,LEN(AH1011)-LEN(SUBSTITUTE(AH1011,"/",""))+1) -> 0 | AI1011: =IF(AJ1011="",0,LEN(AJ1011)-LEN(SUBSTITUTE(AJ1011,"/",""))+1) -> 0
AG1012: =IF(AH1012="",0,LEN(AH1012)-LEN(SUBSTITUTE(AH1012,"/",""))+1) -> 0 | AI1012: =IF(AJ1012="",0,LEN(AJ1012)-LEN(SUBSTITUTE(AJ1012,"/",""))+1) -> 0
AG1013: =IF(AH1013="",0,LEN(AH1013)-LEN(SUBSTITUTE(AH1013,"/",""))+1) -> 0 | AI1013: =IF(AJ1013="",0,LEN(AJ1013)-LEN(SUBSTITUTE(AJ1013,"/",""))+1) -> 0
... AG1401: =IF(AH1401="",0,LEN(AH1401)-LEN(SUBSTITUTE(AH1401,"/",""))+1) -> 0 | AI1401: =IF(AJ1401="",0,LEN(AJ1401)-LEN(SUBSTITUTE(AJ1401,"/",""))+1) -> 0

Sheet Tabla Posiciones
A1: Pos | B1: Equipo | C1: PJ | D1: PG | E1: PE | F1: PP | G1: GF | H1: GC | I1: DG | J1: PTS | K1: Últimos 5 | M1: Aux: últimos 5 (no editar) | N1: CALC (no editar)
A2: =IF(COUNT($X$2:$X$61)>=1,1,"") -> 1 | B2: =IF($A2="","",INDEX($N$2:$N$61,MATCH($A2,$X$2:$X$61,0))) -> Pachuca | C2: =IF($A2="","",INDEX($O$2:$O$61,MATCH($A2,$X$2:$X$61,0))) -> 1 | D2: =IF($A2="","",INDEX($P$2:$P$61,MATCH($A2,$X$2:$X$61,0))) -> 1 | E2: =IF($A2="","",INDEX($Q$2:$Q$61,MATCH($A2,$X$2:$X$61,0))) -> 0 | F2: =IF($A2="","",INDEX($R$2:$R$61,MATCH($A2,$X$2:$X$61,0))) -> 0 | G2: =IF($A2="","",INDEX($S$2:$S$61,MATCH($A2,$X$2:$X$61,0))) -> 3 | H2: =IF($A2="","",INDEX($T$2:$T$61,MATCH($A2,$X$2:$X$61,0))) -> 0 | I2: =IF($A2="","",INDEX($U$2:$U$61,MATCH($A2,$X$2:$X$61,0))) -> 3 | J2: =IF($A2="","",INDEX($V$2:$V$61,MATCH($A2,$X$2:$X$61,0))) -> 3 | K2: =IF($A2="","",INDEX($AN$2:$AN$61,MATCH($A2,$X$2:$X$61,0))) -> V | N2: =IFERROR(INDEX(Partidos!$C$2:$C$1401,MATCH("TEAM|1",Partidos!$AE$2:$AE$1401,0)),IFERROR(INDEX(Partidos!$D$2:$D$1401,MATCH("TEAM|1",Partidos!$AF$2:$AF$1401,0)),"")) -> Necaxa | O2: =IF(N2="","",COUNTIF(Partidos!$C$2:$C$1401,N2)+COUNTIF(Partidos!$D$2:$D$1401,N2)) -> 1 | P2: =IF(N2="","",SUMPRODUCT((Partidos!$C$2:$C$1401=N2)*(Partidos!$E$2:$E$1401>Partidos!$F$2:$F$1401))+SUMPRODUCT((Partidos!$D$2:$D$1401=N2)*(Partidos!$F$2:$F$1401>Partidos!$E$2:$E$1401))) -> 1 | Q2: =IF(N2="","",SUMPRODUCT((((Partidos!$C$2:$C$1401=N2)+(Partidos!$D$2:$D$1401=N2)))*(Partidos!$E$2:$E$1401=Partidos!$F$2:$F$1401)*(Partidos!$C$2:$C$1401<>""))) -> 0 | R2: =IF(N2="","",O2-P2-Q2) -> 0 | S2: =IF(N2="","",SUMIF(Partidos!$C$2:$C$1401,N2,Partidos!$E$2:$E$1401)+SUMIF(Partidos!$D$2:$D$1401,N2,Partidos!$F$2:$F$1401)) -> 2 | T2: =IF(N2="","",SUMIF(Partidos!$C$2:$C$1401,N2,Partidos!$F$2:$F$1401)+SUMIF(Partidos!$D$2:$D$1401,N2,Partidos!$E$2:$E$1401)) -> 1 | U2: =IF(N2="","",S2-T2) -> 1 | V2: =IF(N2="","",P2*3+Q2) -> 3 | W2: =IF(N2="","",V2*1000000+U2*1000+S2+(ROW()*0.0000001)) -> 3001002 | X2: =IF(N2="","",RANK(W2,$W$2:$W$61)) -> 7 | Y2: =IF(N2="","",O2-4) -> -3 | Z2: =IF(N2="","",O2-3) -> -2 | AA2: =IF(N2="","",O2-2) -> -1 | AB2: =IF(N2="","",O2-1) -> 0 | AC2: =IF(N2="","",O2-0) -> 1 | AD2: =IF(OR(N2="",Y2=""),"",IF(Y2<1,"",IFERROR(MATCH($N2&"|"&Y2,Partidos!$Y:$Y,0),IFERROR(MATCH($N2&"|"&Y2,Partidos!$Z:$Z,0),"")))) | AE2: =IF(OR(N2="",Z2=""),"",IF(Z2<1,"",IFERROR(MATCH($N2&"|"&Z2,Partidos!$Y:$Y,0),IFERROR(MATCH($N2&"|"&Z2,Partidos!$Z:$Z,0),"")))) | AF2: =IF(OR(N2="",AA2=""),"",IF(AA2<1,"",IFERROR(MATCH($N2&"|"&AA2,Partidos!$Y:$Y,0),IFERROR(MATCH($N2&"|"&AA2,Partidos!$Z:$Z,0),"")))) | AG2: =IF(OR(N2="",AB2=""),"",IF(AB2<1,"",IFERROR(MATCH($N2&"|"&AB2,Partidos!$Y:$Y,0),IFERROR(MATCH($N2&"|"&AB2,Partidos!$Z:$Z,0),"")))) | AH2: =IF(OR(N2="",AC2=""),"",IF(AC2<1,"",IFERROR(MATCH($N2&"|"&AC2,Partidos!$Y:$Y,0),IFERROR(MATCH($N2&"|"&AC2,Partidos!$Z:$Z,0),"")))) -> 2 | AI2: =IF(AD2="","",IF(INDEX(Partidos!$C:$C,AD2)=$N2,IF(INDEX(Partidos!$E:$E,AD2)>INDEX(Partidos!$F:$F,AD2),"V",IF(INDEX(Partidos!$E:$E,AD2)=INDEX(Partidos!$F:$F,AD2),"E","P")),IF(INDEX(Partidos!$F:$F,AD2)>INDEX(Partidos!$E:$E,AD2),"V",IF(INDEX(Partidos!$F:$F,AD2)=INDEX(Partidos!$E:$E,AD2),"E","P")))) | AJ2: =IF(AE2="","",IF(INDEX(Partidos!$C:$C,AE2)=$N2,IF(INDEX(Partidos!$E:$E,AE2)>INDEX(Partidos!$F:$F,AE2),"V",IF(INDEX(Partidos!$E:$E,AE2)=INDEX(Partidos!$F:$F,AE2),"E","P")),IF(INDEX(Partidos!$F:$F,AE2)>INDEX(Partidos!$E:$E,AE2),"V",IF(INDEX(Partidos!$F:$F,AE2)=INDEX(Partidos!$E:$E,AE2),"E","P")))) | AK2: =IF(AF2="","",IF(INDEX(Partidos!$C:$C,AF2)=$N2,IF(INDEX(Partidos!$E:$E,AF2)>INDEX(Partidos!$F:$F,AF2),"V",IF(INDEX(Partidos!$E:$E,AF2)=INDEX(Partidos!$F:$F,AF2),"E","P")),IF(INDEX(Partidos!$F:$F,AF2)>INDEX(Partidos!$E:$E,AF2),"V",IF(INDEX(Partidos!$F:$F,AF2)=INDEX(Partidos!$E:$E,AF2),"E","P")))) | AL2: =IF(AG2="","",IF(INDEX(Partidos!$C:$C,AG2)=$N2,IF(INDEX(Partidos!$E:$E,AG2)>INDEX(Partidos!$F:$F,AG2),"V",IF(INDEX(Partidos!$E:$E,AG2)=INDEX(Partidos!$F:$F,AG2),"E","P")),IF(INDEX(Partidos!$F:$F,AG2)>INDEX(Partidos!$E:$E,AG2),"V",IF(INDEX(Partidos!$F:$F,AG2)=INDEX(Partidos!$E:$E,AG2),"E","P")))) | AM2: =IF(AH2="","",IF(INDEX(Partidos!$C:$C,AH2)=$N2,IF(INDEX(Partidos!$E:$E,AH2)>INDEX(Partidos!$F:$F,AH2),"V",IF(INDEX(Partidos!$E:$E,AH2)=INDEX(Partidos!$F:$F,AH2),"E","P")),IF(INDEX(Partidos!$F:$F,AH2)>INDEX(Partidos!$E:$E,AH2),"V",IF(INDEX(Partidos!$F:$F,AH2)=INDEX(Partidos!$E:$E,AH2),"E","P")))) -> V | AN2: =IF(N2="","",_xlfn.TEXTJOIN("-",TRUE(),AI2:AM2)) -> V | AO2: =IF(N2="","",RANK(S2,$S$2:$S$61,0)) -> 6 | AP2: =IF(AO2=1,SUMPRODUCT(($AO$2:AO2=1)*1),"") | AQ2: =IF(AO2=1,"GF|"&AP2,"") | AR2: =IF(N2="","",RANK(T2,$T$2:$T$61,1)) -> 5 | AS2: =IF(AR2=1,SUMPRODUCT(($AR$2:AR2=1)*1),"") | AT2: =IF(AR2=1,"GC|"&AS2,"")
A3: =IF(COUNT($X$2:$X$61)>=2,2,"") -> 2 | B3: =IF($A3="","",INDEX($N$2:$N$61,MATCH($A3,$X$2:$X$61,0))) -> Tijuana | C3: =IF($A3="","",INDEX($O$2:$O$61,MATCH($A3,$X$2:$X$61,0))) -> 1 | D3: =IF($A3="","",INDEX($P$2:$P$61,MATCH($A3,$X$2:$X$61,0))) -> 1 | E3: =IF($A3="","",INDEX($Q$2:$Q$61,MATCH($A3,$X$2:$X$61,0))) -> 0 | F3: =IF($A3="","",INDEX($R$2:$R$61,MATCH($A3,$X$2:$X$61,0))) -> 0 | G3: =IF($A3="","",INDEX($S$2:$S$61,MATCH($A3,$X$2:$X$61,0))) -> 3 | H3: =IF($A3="","",INDEX($T$2:$T$61,MATCH($A3,$X$2:$X$61,0))) -> 1 | I3: =IF($A3="","",INDEX($U$2:$U$61,MATCH($A3,$X$2:$X$61,0))) -> 2 | J3: =IF($A3="","",INDEX($V$2:$V$61,MATCH($A3,$X$2:$X$61,0))) -> 3 | K3: =IF($A3="","",INDEX($AN$2:$AN$61,MATCH($A3,$X$2:$X$61,0))) -> V | N3: =IFERROR(INDEX(Partidos!$C$2:$C$1401,MATCH("TEAM|2",Partidos!$AE$2:$AE$1401,0)),IFERROR(INDEX(Partidos!$D$2:$D$1401,MATCH("TEAM|2",Partidos!$AF$2:$AF$1401,0)),"")) -> Atlante | O3: =IF(N3="","",COUNTIF(Partidos!$C$2:$C$1401,N3)+COUNTIF(Partidos!$D$2:$D$1401,N3)) -> 1 | P3: =IF(N3="","",SUMPRODUCT((Partidos!$C$2:$C$1401=N3)*(Partidos!$E$2:$E$1401>Partidos!$F$2:$F$1401))+SUMPRODUCT((Partidos!$D$2:$D$1401=N3)*(Partidos!$F$2:$F$1401>Partidos!$E$2:$E$1401))) -> 0 | Q3: =IF(N3="","",SUMPRODUCT((((Partidos!$C$2:$C$1401=N3)+(Partidos!$D$2:$D$1401=N3)))*(Partidos!$E$2:$E$1401=Partidos!$F$2:$F$1401)*(Partidos!$C$2:$C$1401<>""))) -> 0 | R3: =IF(N3="","",O3-P3-Q3) -> 1 | S3: =IF(N3="","",SUMIF(Partidos!$C$2:$C$1401,N3,Partidos!$E$2:$E$1401)+SUMIF(Partidos!$D$2:$D$1401,N3,Partidos!$F$2:$F$1401)) -> 1 | T3: =IF(N3="","",SUMIF(Partidos!$C$2:$C$1401,N3,Partidos!$F$2:$F$1401)+SUMIF(Partidos!$D$2:$D$1401,N3,Partidos!$E$2:$E$1401)) -> 2 | U3: =IF(N3="","",S3-T3) -> -1 | V3: =IF(N3="","",P3*3+Q3) -> 0 | W3: =IF(N3="","",V3*1000000+U3*1000+S3+(ROW()*0.0000001)) -> -999 | X3: =IF(N3="","",RANK(W3,$W$2:$W$61)) -> 13 | Y3: =IF(N3="","",O3-4) -> -3 | Z3: =IF(N3="","",O3-3) -> -2 | AA3: =IF(N3="","",O3-2) -> -1 | AB3: =IF(N3="","",O3-1) -> 0 | AC3: =IF(N3="","",O3-0) -> 1 | AD3: =IF(OR(N3="",Y3=""),"",IF(Y3<1,"",IFERROR(MATCH($N3&"|"&Y3,Partidos!$Y:$Y,0),IFERROR(MATCH($N3&"|"&Y3,Partidos!$Z:$Z,0),"")))) | AE3: =IF(OR(N3="",Z3=""),"",IF(Z3<1,"",IFERROR(MATCH($N3&"|"&Z3,Partidos!$Y:$Y,0),IFERROR(MATCH($N3&"|"&Z3,Partidos!$Z:$Z,0),"")))) | AF3: =IF(OR(N3="",AA3=""),"",IF(AA3<1,"",IFERROR(MATCH($N3&"|"&AA3,Partidos!$Y:$Y,0),IFERROR(MATCH($N3&"|"&AA3,Partidos!$Z:$Z,0),"")))) | AG3: =IF(OR(N3="",AB3=""),"",IF(AB3<1,"",IFERROR(MATCH($N3&"|"&AB3,Partidos!$Y:$Y,0),IFERROR(MATCH($N3&"|"&AB3,Partidos!$Z:$Z,0),"")))) | AH3: =IF(OR(N3="",AC3=""),"",IF(AC3<1,"",IFERROR(MATCH($N3&"|"&AC3,Partidos!$Y:$Y,0),IFERROR(MATCH($N3&"|"&AC3,Partidos!$Z:$Z,0),"")))) -> 2 | AI3: =IF(AD3="","",IF(INDEX(Partidos!$C:$C,AD3)=$N3,IF(INDEX(Partidos!$E:$E,AD3)>INDEX(Partidos!$F:$F,AD3),"V",IF(INDEX(Partidos!$E:$E,AD3)=INDEX(Partidos!$F:$F,AD3),"E","P")),IF(INDEX(Partidos!$F:$F,AD3)>INDEX(Partidos!$E:$E,AD3),"V",IF(INDEX(Partidos!$F:$F,AD3)=INDEX(Partidos!$E:$E,AD3),"E","P")))) | AJ3: =IF(AE3="","",IF(INDEX(Partidos!$C:$C,AE3)=$N3,IF(INDEX(Partidos!$E:$E,AE3)>INDEX(Partidos!$F:$F,AE3),"V",IF(INDEX(Partidos!$E:$E,AE3)=INDEX(Partidos!$F:$F,AE3),"E","P")),IF(INDEX(Partidos!$F:$F,AE3)>INDEX(Partidos!$E:$E,AE3),"V",IF(INDEX(Partidos!$F:$F,AE3)=INDEX(Partidos!$E:$E,AE3),"E","P")))) | AK3: =IF(AF3="","",IF(INDEX(Partidos!$C:$C,AF3)=$N3,IF(INDEX(Partidos!$E:$E,AF3)>INDEX(Partidos!$F:$F,AF3),"V",IF(INDEX(Partidos!$E:$E,AF3)=INDEX(Partidos!$F:$F,AF3),"E","P")),IF(INDEX(Partidos!$F:$F,AF3)>INDEX(Partidos!$E:$E,AF3),"V",IF(INDEX(Partidos!$F:$F,AF3)=INDEX(Partidos!$E:$E,AF3),"E","P")))) | AL3: =IF(AG3="","",IF(INDEX(Partidos!$C:$C,AG3)=$N3,IF(INDEX(Partidos!$E:$E,AG3)>INDEX(Partidos!$F:$F,AG3),"V",IF(INDEX(Partidos!$E:$E,AG3)=INDEX(Partidos!$F:$F,AG3),"E","P")),IF(INDEX(Partidos!$F:$F,AG3)>INDEX(Partidos!$E:$E,AG3),"V",IF(INDEX(Partidos!$F:$F,AG3)=INDEX(Partidos!$E:$E,AG3),"E","P")))) | AM3: =IF(AH3="","",IF(INDEX(Partidos!$C:$C,AH3)=$N3,IF(INDEX(Partidos!$E:$E,AH3)>INDEX(Partidos!$F:$F,AH3),"V",IF(INDEX(Partidos!$E:$E,AH3)=INDEX(Partidos!$F:$F,AH3),"E","P")),IF(INDEX(Partidos!$F:$F,AH3)>INDEX(Partidos!$E:$E,AH3),"V",IF(INDEX(Partidos!$F:$F,AH3)=INDEX(Partidos!$E:$E,AH3),"E","P")))) -> P | AN3: =IF(N3="","",_xlfn.TEXTJOIN("-",TRUE(),AI3:AM3)) -> P | AO3: =IF(N3="","",RANK(S3,$S$2:$S$61,0)) -> 11 | AP3: =IF(AO3=1,SUMPRODUCT(($AO$2:AO3=1)*1),"") | AQ3: =IF(AO3=1,"GF|"&AP3,"") | AR3: =IF(N3="","",RANK(T3,$T$2:$T$61,1)) -> 9 | AS3: =IF(AR3=1,SUMPRODUCT(($AR$2:AR3=1)*1),"") | AT3: =IF(AR3=1,"GC|"&AS3,"")
A4: =IF(COUNT($X$2:$X$61)>=3,3,"") -> 3 | B4: =IF($A4="","",INDEX($N$2:$N$61,MATCH($A4,$X$2:$X$61,0))) -> Toluca | C4: =IF($A4="","",INDEX($O$2:$O$61,MATCH($A4,$X$2:$X$61,0))) -> 1 | D4: =IF($A4="","",INDEX($P$2:$P$61,MATCH($A4,$X$2:$X$61,0))) -> 1 | E4: =IF($A4="","",INDEX($Q$2:$Q$61,MATCH($A4,$X$2:$X$61,0))) -> 0 | F4: =IF($A4="","",INDEX($R$2:$R$61,MATCH($A4,$X$2:$X$61,0))) -> 0 | G4: =IF($A4="","",INDEX($S$2:$S$61,MATCH($A4,$X$2:$X$61,0))) -> 2 | H4: =IF($A4="","",INDEX($T$2:$T$61,MATCH($A4,$X$2:$X$61,0))) -> 0 | I4: =IF($A4="","",INDEX($U$2:$U$61,MATCH($A4,$X$2:$X$61,0))) -> 2 | J4: =IF($A4="","",INDEX($V$2:$V$61,MATCH($A4,$X$2:$X$61,0))) -> 3 | K4: =IF($A4="","",INDEX($AN$2:$AN$61,MATCH($A4,$X$2:$X$61,0))) -> V | N4: =IFERROR(INDEX(Partidos!$C$2:$C$1401,MATCH("TEAM|3",Partidos!$AE$2:$AE$1401,0)),IFERROR(INDEX(Partidos!$D$2:$D$1401,MATCH("TEAM|3",Partidos!$AF$2:$AF$1401,0)),"")) -> Tijuana | O4: =IF(N4="","",COUNTIF(Partidos!$C$2:$C$1401,N4)+COUNTIF(Partidos!$D$2:$D$1401,N4)) -> 1 | P4: =IF(N4="","",SUMPRODUCT((Partidos!$C$2:$C$1401=N4)*(Partidos!$E$2:$E$1401>Partidos!$F$2:$F$1401))+SUMPRODUCT((Partidos!$D$2:$D$1401=N4)*(Partidos!$F$2:$F$1401>Partidos!$E$2:$E$1401))) -> 1 | Q4: =IF(N4="","",SUMPRODUCT((((Partidos!$C$2:$C$1401=N4)+(Partidos!$D$2:$D$1401=N4)))*(Partidos!$E$2:$E$1401=Partidos!$F$2:$F$1401)*(Partidos!$C$2:$C$1401<>""))) -> 0 | R4: =IF(N4="","",O4-P4-Q4) -> 0 | S4: =IF(N4="","",SUMIF(Partidos!$C$2:$C$1401,N4,Partidos!$E$2:$E$1401)+SUMIF(Partidos!$D$2:$D$1401,N4,Partidos!$F$2:$F$1401)) -> 3 | T4: =IF(N4="","",SUMIF(Partidos!$C$2:$C$1401,N4,Partidos!$F$2:$F$1401)+SUMIF(Partidos!$D$2:$D$1401,N4,Partidos!$E$2:$E$1401)) -> 1 | U4: =IF(N4="","",S4-T4) -> 2 | V4: =IF(N4="","",P4*3+Q4) -> 3 | W4: =IF(N4="","",V4*1000000+U4*1000+S4+(ROW()*0.0000001)) -> 3002003 | X4: =IF(N4="","",RANK(W4,$W$2:$W$61)) -> 2 | Y4: =IF(N4="","",O4-4) -> -3 | Z4: =IF(N4="","",O4-3) -> -2 | AA4: =IF(N4="","",O4-2) -> -1 | AB4: =IF(N4="","",O4-1) -> 0 | AC4: =IF(N4="","",O4-0) -> 1 | AD4: =IF(OR(N4="",Y4=""),"",IF(Y4<1,"",IFERROR(MATCH($N4&"|"&Y4,Partidos!$Y:$Y,0),IFERROR(MATCH($N4&"|"&Y4,Partidos!$Z:$Z,0),"")))) | AE4: =IF(OR(N4="",Z4=""),"",IF(Z4<1,"",IFERROR(MATCH($N4&"|"&Z4,Partidos!$Y:$Y,0),IFERROR(MATCH($N4&"|"&Z4,Partidos!$Z:$Z,0),"")))) | AF4: =IF(OR(N4="",AA4=""),"",IF(AA4<1,"",IFERROR(MATCH($N4&"|"&AA4,Partidos!$Y:$Y,0),IFERROR(MATCH($N4&"|"&AA4,Partidos!$Z:$Z,0),"")))) | AG4: =IF(OR(N4="",AB4=""),"",IF(AB4<1,"",IFERROR(MATCH($N4&"|"&AB4,Partidos!$Y:$Y,0),IFERROR(MATCH($N4&"|"&AB4,Partidos!$Z:$Z,0),"")))) | AH4: =IF(OR(N4="",AC4=""),"",IF(AC4<1,"",IFERROR(MATCH($N4&"|"&AC4,Partidos!$Y:$Y,0),IFERROR(MATCH($N4&"|"&AC4,Partidos!$Z:$Z,0),"")))) -> 3 | AI4: =IF(AD4="","",IF(INDEX(Partidos!$C:$C,AD4)=$N4,IF(INDEX(Partidos!$E:$E,AD4)>INDEX(Partidos!$F:$F,AD4),"V",IF(INDEX(Partidos!$E:$E,AD4)=INDEX(Partidos!$F:$F,AD4),"E","P")),IF(INDEX(Partidos!$F:$F,AD4)>INDEX(Partidos!$E:$E,AD4),"V",IF(INDEX(Partidos!$F:$F,AD4)=INDEX(Partidos!$E:$E,AD4),"E","P")))) | AJ4: =IF(AE4="","",IF(INDEX(Partidos!$C:$C,AE4)=$N4,IF(INDEX(Partidos!$E:$E,AE4)>INDEX(Partidos!$F:$F,AE4),"V",IF(INDEX(Partidos!$E:$E,AE4)=INDEX(Partidos!$F:$F,AE4),"E","P")),IF(INDEX(Partidos!$F:$F,AE4)>INDEX(Partidos!$E:$E,AE4),"V",IF(INDEX(Partidos!$F:$F,AE4)=INDEX(Partidos!$E:$E,AE4),"E","P")))) | AK4: =IF(AF4="","",IF(INDEX(Partidos!$C:$C,AF4)=$N4,IF(INDEX(Partidos!$E:$E,AF4)>INDEX(Partidos!$F:$F,AF4),"V",IF(INDEX(Partidos!$E:$E,AF4)=INDEX(Partidos!$F:$F,AF4),"E","P")),IF(INDEX(Partidos!$F:$F,AF4)>INDEX(Partidos!$E:$E,AF4),"V",IF(INDEX(Partidos!$F:$F,AF4)=INDEX(Partidos!$E:$E,AF4),"E","P")))) | AL4: =IF(AG4="","",IF(INDEX(Partidos!$C:$C,AG4)=$N4,IF(INDEX(Partidos!$E:$E,AG4)>INDEX(Partidos!$F:$F,AG4),"V",IF(INDEX(Partidos!$E:$E,AG4)=INDEX(Partidos!$F:$F,AG4),"E","P")),IF(INDEX(Partidos!$F:$F,AG4)>INDEX(Partidos!$E:$E,AG4),"V",IF(INDEX(Partidos!$F:$F,AG4)=INDEX(Partidos!$E:$E,AG4),"E","P")))) | AM4: =IF(AH4="","",IF(INDEX(Partidos!$C:$C,AH4)=$N4,IF(INDEX(Partidos!$E:$E,AH4)>INDEX(Partidos!$F:$F,AH4),"V",IF(INDEX(Partidos!$E:$E,AH4)=INDEX(Partidos!$F:$F,AH4),"E","P")),IF(INDEX(Partidos!$F:$F,AH4)>INDEX(Partidos!$E:$E,AH4),"V",IF(INDEX(Partidos!$F:$F,AH4)=INDEX(Partidos!$E:$E,AH4),"E","P")))) -> V | AN4: =IF(N4="","",_xlfn.TEXTJOIN("-",TRUE(),AI4:AM4)) -> V | AO4: =IF(N4="","",RANK(S4,$S$2:$S$61,0)) -> 1 | AP4: =IF(AO4=1,SUMPRODUCT(($AO$2:AO4=1)*1),"") -> 1 | AQ4: =IF(AO4=1,"GF|"&AP4,"") -> GF|1 | AR4: =IF(N4="","",RANK(T4,$T$2:$T$61,1)) -> 5 | AS4: =IF(AR4=1,SUMPRODUCT(($AR$2:AR4=1)*1),"") | AT4: =IF(AR4=1,"GC|"&AS4,"")
A5: =IF(COUNT($X$2:$X$61)>=4,4,"") -> 4 | B5: =IF($A5="","",INDEX($N$2:$N$61,MATCH($A5,$X$2:$X$61,0))) -> Monterrey | C5: =IF($A5="","",INDEX($O$2:$O$61,MATCH($A5,$X$2:$X$61,0))) -> 1 | D5: =IF($A5="","",INDEX($P$2:$P$61,MATCH($A5,$X$2:$X$61,0))) -> 1 | E5: =IF($A5="","",INDEX($Q$2:$Q$61,MATCH($A5,$X$2:$X$61,0))) -> 0 | F5: =IF($A5="","",INDEX($R$2:$R$61,MATCH($A5,$X$2:$X$61,0))) -> 0 | G5: =IF($A5="","",INDEX($S$2:$S$61,MATCH($A5,$X$2:$X$61,0))) -> 3 | H5: =IF($A5="","",INDEX($T$2:$T$61,MATCH($A5,$X$2:$X$61,0))) -> 2 | I5: =IF($A5="","",INDEX($U$2:$U$61,MATCH($A5,$X$2:$X$61,0))) -> 1 | J5: =IF($A5="","",INDEX($V$2:$V$61,MATCH($A5,$X$2:$X$61,0))) -> 3 | K5: =IF($A5="","",INDEX($AN$2:$AN$61,MATCH($A5,$X$2:$X$61,0))) -> V | N5: =IFERROR(INDEX(Partidos!$C$2:$C$1401,MATCH("TEAM|4",Partidos!$AE$2:$AE$1401,0)),IFERROR(INDEX(Partidos!$D$2:$D$1401,MATCH("TEAM|4",Partidos!$AF$2:$AF$1401,0)),"")) -> Tigres UANL | O5: =IF(N5="","",COUNTIF(Partidos!$C$2:$C$1401,N5)+COUNTIF(Partidos!$D$2:$D$1401,N5)) -> 1 | P5: =IF(N5="","",SUMPRODUCT((Partidos!$C$2:$C$1401=N5)*(Partidos!$E$2:$E$1401>Partidos!$F$2:$F$1401))+SUMPRODUCT((Partidos!$D$2:$D$1401=N5)*(Partidos!$F$2:$F$1401>Partidos!$E$2:$E$1401))) -> 0 | Q5: =IF(N5="","",SUMPRODUCT((((Partidos!$C$2:$C$1401=N5)+(Partidos!$D$2:$D$1401=N5)))*(Partidos!$E$2:$E$1401=Partidos!$F$2:$F$1401)*(Partidos!$C$2:$C$1401<>""))) -> 0 | R5: =IF(N5="","",O5-P5-Q5) -> 1 | S5: =IF(N5="","",SUMIF(Partidos!$C$2:$C$1401,N5,Partidos!$E$2:$E$1401)+SUMIF(Partidos!$D$2:$D$1401,N5,Partidos!$F$2:$F$1401)) -> 1 | T5: =IF(N5="","",SUMIF(Partidos!$C$2:$C$1401,N5,Partidos!$F$2:$F$1401)+SUMIF(Partidos!$D$2:$D$1401,N5,Partidos!$E$2:$E$1401)) -> 3 | U5: =IF(N5="","",S5-T5) -> -2 | V5: =IF(N5="","",P5*3+Q5) -> 0 | W5: =IF(N5="","",V5*1000000+U5*1000+S5+(ROW()*0.0000001)) -> -1999 | X5: =IF(N5="","",RANK(W5,$W$2:$W$61)) -> 16 | Y5: =IF(N5="","",O5-4) -> -3 | Z5: =IF(N5="","",O5-3) -> -2 | AA5: =IF(N5="","",O5-2) -> -1 | AB5: =IF(N5="","",O5-1) -> 0 | AC5: =IF(N5="","",O5-0) -> 1 | AD5: =IF(OR(N5="",Y5=""),"",IF(Y5<1,"",IFERROR(MATCH($N5&"|"&Y5,Partidos!$Y:$Y,0),IFERROR(MATCH($N5&"|"&Y5,Partidos!$Z:$Z,0),"")))) | AE5: =IF(OR(N5="",Z5=""),"",IF(Z5<1,"",IFERROR(MATCH($N5&"|"&Z5,Partidos!$Y:$Y,0),IFERROR(MATCH($N5&"|"&Z5,Partidos!$Z:$Z,0),"")))) | AF5: =IF(OR(N5="",AA5=""),"",IF(AA5<1,"",IFERROR(MATCH($N5&"|"&AA5,Partidos!$Y:$Y,0),IFERROR(MATCH($N5&"|"&AA5,Partidos!$Z:$Z,0),"")))) | AG5: =IF(OR(N5="",AB5=""),"",IF(AB5<1,"",IFERROR(MATCH($N5&"|"&AB5,Partidos!$Y:$Y,0),IFERROR(MATCH($N5&"|"&AB5,Partidos!$Z:$Z,0),"")))) | AH5: =IF(OR(N5="",AC5=""),"",IF(AC5<1,"",IFERROR(MATCH($N5&"|"&AC5,Partidos!$Y:$Y,0),IFERROR(MATCH($N5&"|"&AC5,Partidos!$Z:$Z,0),"")))) -> 3 | AI5: =IF(AD5="","",IF(INDEX(Partidos!$C:$C,AD5)=$N5,IF(INDEX(Partidos!$E:$E,AD5)>INDEX(Partidos!$F:$F,AD5),"V",IF(INDEX(Partidos!$E:$E,AD5)=INDEX(Partidos!$F:$F,AD5),"E","P")),IF(INDEX(Partidos!$F:$F,AD5)>INDEX(Partidos!$E:$E,AD5),"V",IF(INDEX(Partidos!$F:$F,AD5)=INDEX(Partidos!$E:$E,AD5),"E","P")))) | AJ5: =IF(AE5="","",IF(INDEX(Partidos!$C:$C,AE5)=$N5,IF(INDEX(Partidos!$E:$E,AE5)>INDEX(Partidos!$F:$F,AE5),"V",IF(INDEX(Partidos!$E:$E,AE5)=INDEX(Partidos!$F:$F,AE5),"E","P")),IF(INDEX(Partidos!$F:$F,AE5)>INDEX(Partidos!$E:$E,AE5),"V",IF(INDEX(Partidos!$F:$F,AE5)=INDEX(Partidos!$E:$E,AE5),"E","P")))) | AK5: =IF(AF5="","",IF(INDEX(Partidos!$C:$C,AF5)=$N5,IF(INDEX(Partidos!$E:$E,AF5)>INDEX(Partidos!$F:$F,AF5),"V",IF(INDEX(Partidos!$E:$E,AF5)=INDEX(Partidos!$F:$F,AF5),"E","P")),IF(INDEX(Partidos!$F:$F,AF5)>INDEX(Partidos!$E:$E,AF5),"V",IF(INDEX(Partidos!$F:$F,AF5)=INDEX(Partidos!$E:$E,AF5),"E","P")))) | AL5: =IF(AG5="","",IF(INDEX(Partidos!$C:$C,AG5)=$N5,IF(INDEX(Partidos!$E:$E,AG5)>INDEX(Partidos!$F:$F,AG5),"V",IF(INDEX(Partidos!$E:$E,AG5)=INDEX(Partidos!$F:$F,AG5),"E","P")),IF(INDEX(Partidos!$F:$F,AG5)>INDEX(Partidos!$E:$E,AG5),"V",IF(INDEX(Partidos!$F:$F,AG5)=INDEX(Partidos!$E:$E,AG5),"E","P")))) | AM5: =IF(AH5="","",IF(INDEX(Partidos!$C:$C,AH5)=$N5,IF(INDEX(Partidos!$E:$E,AH5)>INDEX(Partidos!$F:$F,AH5),"V",IF(INDEX(Partidos!$E:$E,AH5)=INDEX(Partidos!$F:$F,AH5),"E","P")),IF(INDEX(Partidos!$F:$F,AH5)>INDEX(Partidos!$E:$E,AH5),"V",IF(INDEX(Partidos!$F:$F,AH5)=INDEX(Partidos!$E:$E,AH5),"E","P")))) -> P | AN5: =IF(N5="","",_xlfn.TEXTJOIN("-",TRUE(),AI5:AM5)) -> P | AO5: =IF(N5="","",RANK(S5,$S$2:$S$61,0)) -> 11 | AP5: =IF(AO5=1,SUMPRODUCT(($AO$2:AO5=1)*1),"") | AQ5: =IF(AO5=1,"GF|"&AP5,"") | AR5: =IF(N5="","",RANK(T5,$T$2:$T$61,1)) -> 14 | AS5: =IF(AR5=1,SUMPRODUCT(($AR$2:AR5=1)*1),"") | AT5: =IF(AR5=1,"GC|"&AS5,"")
A6: =IF(COUNT($X$2:$X$61)>=5,5,"") -> 5 | B6: =IF($A6="","",INDEX($N$2:$N$61,MATCH($A6,$X$2:$X$61,0))) -> Cruz Azul | C6: =IF($A6="","",INDEX($O$2:$O$61,MATCH($A6,$X$2:$X$61,0))) -> 1 | D6: =IF($A6="","",INDEX($P$2:$P$61,MATCH($A6,$X$2:$X$61,0))) -> 1 | E6: =IF($A6="","",INDEX($Q$2:$Q$61,MATCH($A6,$X$2:$X$61,0))) -> 0 | F6: =IF($A6="","",INDEX($R$2:$R$61,MATCH($A6,$X$2:$X$61,0))) -> 0 | G6: =IF($A6="","",INDEX($S$2:$S$61,MATCH($A6,$X$2:$X$61,0))) -> 3 | H6: =IF($A6="","",INDEX($T$2:$T$61,MATCH($A6,$X$2:$X$61,0))) -> 2 | I6: =IF($A6="","",INDEX($U$2:$U$61,MATCH($A6,$X$2:$X$61,0))) -> 1 | J6: =IF($A6="","",INDEX($V$2:$V$61,MATCH($A6,$X$2:$X$61,0))) -> 3 | K6: =IF($A6="","",INDEX($AN$2:$AN$61,MATCH($A6,$X$2:$X$61,0))) -> V | N6: =IFERROR(INDEX(Partidos!$C$2:$C$1401,MATCH("TEAM|5",Partidos!$AE$2:$AE$1401,0)),IFERROR(INDEX(Partidos!$D$2:$D$1401,MATCH("TEAM|5",Partidos!$AF$2:$AF$1401,0)),"")) -> León | O6: =IF(N6="","",COUNTIF(Partidos!$C$2:$C$1401,N6)+COUNTIF(Partidos!$D$2:$D$1401,N6)) -> 1 | P6: =IF(N6="","",SUMPRODUCT((Partidos!$C$2:$C$1401=N6)*(Partidos!$E$2:$E$1401>Partidos!$F$2:$F$1401))+SUMPRODUCT((Partidos!$D$2:$D$1401=N6)*(Partidos!$F$2:$F$1401>Partidos!$E$2:$E$1401))) -> 0 | Q6: =IF(N6="","",SUMPRODUCT((((Partidos!$C$2:$C$1401=N6)+(Partidos!$D$2:$D$1401=N6)))*(Partidos!$E$2:$E$1401=Partidos!$F$2:$F$1401)*(Partidos!$C$2:$C$1401<>""))) -> 0 | R6: =IF(N6="","",O6-P6-Q6) -> 1 | S6: =IF(N6="","",SUMIF(Partidos!$C$2:$C$1401,N6,Partidos!$E$2:$E$1401)+SUMIF(Partidos!$D$2:$D$1401,N6,Partidos!$F$2:$F$1401)) -> 2 | T6: =IF(N6="","",SUMIF(Partidos!$C$2:$C$1401,N6,Partidos!$F$2:$F$1401)+SUMIF(Partidos!$D$2:$D$1401,N6,Partidos!$E$2:$E$1401)) -> 3 | U6: =IF(N6="","",S6-T6) -> -1 | V6: =IF(N6="","",P6*3+Q6) -> 0 | W6: =IF(N6="","",V6*1000000+U6*1000+S6+(ROW()*0.0000001)) -> -998 | X6: =IF(N6="","",RANK(W6,$W$2:$W$61)) -> 12 | Y6: =IF(N6="","",O6-4) -> -3 | Z6: =IF(N6="","",O6-3) -> -2 | AA6: =IF(N6="","",O6-2) -> -1 | AB6: =IF(N6="","",O6-1) -> 0 | AC6: =IF(N6="","",O6-0) -> 1 | AD6: =IF(OR(N6="",Y6=""),"",IF(Y6<1,"",IFERROR(MATCH($N6&"|"&Y6,Partidos!$Y:$Y,0),IFERROR(MATCH($N6&"|"&Y6,Partidos!$Z:$Z,0),"")))) | AE6: =IF(OR(N6="",Z6=""),"",IF(Z6<1,"",IFERROR(MATCH($N6&"|"&Z6,Partidos!$Y:$Y,0),IFERROR(MATCH($N6&"|"&Z6,Partidos!$Z:$Z,0),"")))) | AF6: =IF(OR(N6="",AA6=""),"",IF(AA6<1,"",IFERROR(MATCH($N6&"|"&AA6,Partidos!$Y:$Y,0),IFERROR(MATCH($N6&"|"&AA6,Partidos!$Z:$Z,0),"")))) | AG6: =IF(OR(N6="",AB6=""),"",IF(AB6<1,"",IFERROR(MATCH($N6&"|"&AB6,Partidos!$Y:$Y,0),IFERROR(MATCH($N6&"|"&AB6,Partidos!$Z:$Z,0),"")))) | AH6: =IF(OR(N6="",AC6=""),"",IF(AC6<1,"",IFERROR(MATCH($N6&"|"&AC6,Partidos!$Y:$Y,0),IFERROR(MATCH($N6&"|"&AC6,Partidos!$Z:$Z,0),"")))) -> 4 | AI6: =IF(AD6="","",IF(INDEX(Partidos!$C:$C,AD6)=$N6,IF(INDEX(Partidos!$E:$E,AD6)>INDEX(Partidos!$F:$F,AD6),"V",IF(INDEX(Partidos!$E:$E,AD6)=INDEX(Partidos!$F:$F,AD6),"E","P")),IF(INDEX(Partidos!$F:$F,AD6)>INDEX(Partidos!$E:$E,AD6),"V",IF(INDEX(Partidos!$F:$F,AD6)=INDEX(Partidos!$E:$E,AD6),"E","P")))) | AJ6: =IF(AE6="","",IF(INDEX(Partidos!$C:$C,AE6)=$N6,IF(INDEX(Partidos!$E:$E,AE6)>INDEX(Partidos!$F:$F,AE6),"V",IF(INDEX(Partidos!$E:$E,AE6)=INDEX(Partidos!$F:$F,AE6),"E","P")),IF(INDEX(Partidos!$F:$F,AE6)>INDEX(Partidos!$E:$E,AE6),"V",IF(INDEX(Partidos!$F:$F,AE6)=INDEX(Partidos!$E:$E,AE6),"E","P")))) | AK6: =IF(AF6="","",IF(INDEX(Partidos!$C:$C,AF6)=$N6,IF(INDEX(Partidos!$E:$E,AF6)>INDEX(Partidos!$F:$F,AF6),"V",IF(INDEX(Partidos!$E:$E,AF6)=INDEX(Partidos!$F:$F,AF6),"E","P")),IF(INDEX(Partidos!$F:$F,AF6)>INDEX(Partidos!$E:$E,AF6),"V",IF(INDEX(Partidos!$F:$F,AF6)=INDEX(Partidos!$E:$E,AF6),"E","P")))) | AL6: =IF(AG6="","",IF(INDEX(Partidos!$C:$C,AG6)=$N6,IF(INDEX(Partidos!$E:$E,AG6)>INDEX(Partidos!$F:$F,AG6),"V",IF(INDEX(Partidos!$E:$E,AG6)=INDEX(Partidos!$F:$F,AG6),"E","P")),IF(INDEX(Partidos!$F:$F,AG6)>INDEX(Partidos!$E:$E,AG6),"V",IF(INDEX(Partidos!$F:$F,AG6)=INDEX(Partidos!$E:$E,AG6),"E","P")))) | AM6: =IF(AH6="","",IF(INDEX(Partidos!$C:$C,AH6)=$N6,IF(INDEX(Partidos!$E:$E,AH6)>INDEX(Partidos!$F:$F,AH6),"V",IF(INDEX(Partidos!$E:$E,AH6)=INDEX(Partidos!$F:$F,AH6),"E","P")),IF(INDEX(Partidos!$F:$F,AH6)>INDEX(Partidos!$E:$E,AH6),"V",IF(INDEX(Partidos!$F:$F,AH6)=INDEX(Partidos!$E:$E,AH6),"E","P")))) -> P | AN6: =IF(N6="","",_xlfn.TEXTJOIN("-",TRUE(),AI6:AM6)) -> P | AO6: =IF(N6="","",RANK(S6,$S$2:$S$61,0)) -> 6 | AP6: =IF(AO6=1,SUMPRODUCT(($AO$2:AO6=1)*1),"") | AQ6: =IF(AO6=1,"GF|"&AP6,"") | AR6: =IF(N6="","",RANK(T6,$T$2:$T$61,1)) -> 14 | AS6: =IF(AR6=1,SUMPRODUCT(($AR$2:AR6=1)*1),"") | AT6: =IF(AR6=1,"GC|"&AS6,"")
A7: =IF(COUNT($X$2:$X$61)>=6,6,"") -> 6 | B7: =IF($A7="","",INDEX($N$2:$N$61,MATCH($A7,$X$2:$X$61,0))) -> Atlas | C7: =IF($A7="","",INDEX($O$2:$O$61,MATCH($A7,$X$2:$X$61,0))) -> 1 | D7: =IF($A7="","",INDEX($P$2:$P$61,MATCH($A7,$X$2:$X$61,0))) -> 1 | E7: =IF($A7="","",INDEX($Q$2:$Q$61,MATCH($A7,$X$2:$X$61,0))) -> 0 | F7: =IF($A7="","",INDEX($R$2:$R$61,MATCH($A7,$X$2:$X$61,0))) -> 0 | G7: =IF($A7="","",INDEX($S$2:$S$61,MATCH($A7,$X$2:$X$61,0))) -> 3 | H7: =IF($A7="","",INDEX($T$2:$T$61,MATCH($A7,$X$2:$X$61,0))) -> 2 | I7: =IF($A7="","",INDEX($U$2:$U$61,MATCH($A7,$X$2:$X$61,0))) -> 1 | J7: =IF($A7="","",INDEX($V$2:$V$61,MATCH($A7,$X$2:$X$61,0))) -> 3 | K7: =IF($A7="","",INDEX($AN$2:$AN$61,MATCH($A7,$X$2:$X$61,0))) -> V | N7: =IFERROR(INDEX(Partidos!$C$2:$C$1401,MATCH("TEAM|6",Partidos!$AE$2:$AE$1401,0)),IFERROR(INDEX(Partidos!$D$2:$D$1401,MATCH("TEAM|6",Partidos!$AF$2:$AF$1401,0)),"")) -> Atlas | O7: =IF(N7="","",COUNTIF(Partidos!$C$2:$C$1401,N7)+COUNTIF(Partidos!$D$2:$D$1401,N7)) -> 1 | P7: =IF(N7="","",SUMPRODUCT((Partidos!$C$2:$C$1401=N7)*(Partidos!$E$2:$E$1401>Partidos!$F$2:$F$1401))+SUMPRODUCT((Partidos!$D$2:$D$1401=N7)*(Partidos!$F$2:$F$1401>Partidos!$E$2:$E$1401))) -> 1 | Q7: =IF(N7="","",SUMPRODUCT((((Partidos!$C$2:$C$1401=N7)+(Partidos!$D$2:$D$1401=N7)))*(Partidos!$E$2:$E$1401=Partidos!$F$2:$F$1401)*(Partidos!$C$2:$C$1401<>""))) -> 0 | R7: =IF(N7="","",O7-P7-Q7) -> 0 | S7: =IF(N7="","",SUMIF(Partidos!$C$2:$C$1401,N7,Partidos!$E$2:$E$1401)+SUMIF(Partidos!$D$2:$D$1401,N7,Partidos!$F$2:$F$1401)) -> 3 | T7: =IF(N7="","",SUMIF(Partidos!$C$2:$C$1401,N7,Partidos!$F$2:$F$1401)+SUMIF(Partidos!$D$2:$D$1401,N7,Partidos!$E$2:$E$1401)) -> 2 | U7: =IF(N7="","",S7-T7) -> 1 | V7: =IF(N7="","",P7*3+Q7) -> 3 | W7: =IF(N7="","",V7*1000000+U7*1000+S7+(ROW()*0.0000001)) -> 3001003 | X7: =IF(N7="","",RANK(W7,$W$2:$W$61)) -> 6 | Y7: =IF(N7="","",O7-4) -> -3 | Z7: =IF(N7="","",O7-3) -> -2 | AA7: =IF(N7="","",O7-2) -> -1 | AB7: =IF(N7="","",O7-1) -> 0 | AC7: =IF(N7="","",O7-0) -> 1 | AD7: =IF(OR(N7="",Y7=""),"",IF(Y7<1,"",IFERROR(MATCH($N7&"|"&Y7,Partidos!$Y:$Y,0),IFERROR(MATCH($N7&"|"&Y7,Partidos!$Z:$Z,0),"")))) | AE7: =IF(OR(N7="",Z7=""),"",IF(Z7<1,"",IFERROR(MATCH($N7&"|"&Z7,Partidos!$Y:$Y,0),IFERROR(MATCH($N7&"|"&Z7,Partidos!$Z:$Z,0),"")))) | AF7: =IF(OR(N7="",AA7=""),"",IF(AA7<1,"",IFERROR(MATCH($N7&"|"&AA7,Partidos!$Y:$Y,0),IFERROR(MATCH($N7&"|"&AA7,Partidos!$Z:$Z,0),"")))) | AG7: =IF(OR(N7="",AB7=""),"",IF(AB7<1,"",IFERROR(MATCH($N7&"|"&AB7,Partidos!$Y:$Y,0),IFERROR(MATCH($N7&"|"&AB7,Partidos!$Z:$Z,0),"")))) | AH7: =IF(OR(N7="",AC7=""),"",IF(AC7<1,"",IFERROR(MATCH($N7&"|"&AC7,Partidos!$Y:$Y,0),IFERROR(MATCH($N7&"|"&AC7,Partidos!$Z:$Z,0),"")))) -> 4 | AI7: =IF(AD7="","",IF(INDEX(Partidos!$C:$C,AD7)=$N7,IF(INDEX(Partidos!$E:$E,AD7)>INDEX(Partidos!$F:$F,AD7),"V",IF(INDEX(Partidos!$E:$E,AD7)=INDEX(Partidos!$F:$F,AD7),"E","P")),IF(INDEX(Partidos!$F:$F,AD7)>INDEX(Partidos!$E:$E,AD7),"V",IF(INDEX(Partidos!$F:$F,AD7)=INDEX(Partidos!$E:$E,AD7),"E","P")))) | AJ7: =IF(AE7="","",IF(INDEX(Partidos!$C:$C,AE7)=$N7,IF(INDEX(Partidos!$E:$E,AE7)>INDEX(Partidos!$F:$F,AE7),"V",IF(INDEX(Partidos!$E:$E,AE7)=INDEX(Partidos!$F:$F,AE7),"E","P")),IF(INDEX(Partidos!$F:$F,AE7)>INDEX(Partidos!$E:$E,AE7),"V",IF(INDEX(Partidos!$F:$F,AE7)=INDEX(Partidos!$E:$E,AE7),"E","P")))) | AK7: =IF(AF7="","",IF(INDEX(Partidos!$C:$C,AF7)=$N7,IF(INDEX(Partidos!$E:$E,AF7)>INDEX(Partidos!$F:$F,AF7),"V",IF(INDEX(Partidos!$E:$E,AF7)=INDEX(Partidos!$F:$F,AF7),"E","P")),IF(INDEX(Partidos!$F:$F,AF7)>INDEX(Partidos!$E:$E,AF7),"V",IF(INDEX(Partidos!$F:$F,AF7)=INDEX(Partidos!$E:$E,AF7),"E","P")))) | AL7: =IF(AG7="","",IF(INDEX(Partidos!$C:$C,AG7)=$N7,IF(INDEX(Partidos!$E:$E,AG7)>INDEX(Partidos!$F:$F,AG7),"V",IF(INDEX(Partidos!$E:$E,AG7)=INDEX(Partidos!$F:$F,AG7),"E","P")),IF(INDEX(Partidos!$F:$F,AG7)>INDEX(Partidos!$E:$E,AG7),"V",IF(INDEX(Partidos!$F:$F,AG7)=INDEX(Partidos!$E:$E,AG7),"E","P")))) | AM7: =IF(AH7="","",IF(INDEX(Partidos!$C:$C,AH7)=$N7,IF(INDEX(Partidos!$E:$E,AH7)>INDEX(Partidos!$F:$F,AH7),"V",IF(INDEX(Partidos!$E:$E,AH7)=INDEX(Partidos!$F:$F,AH7),"E","P")),IF(INDEX(Partidos!$F:$F,AH7)>INDEX(Partidos!$E:$E,AH7),"V",IF(INDEX(Partidos!$F:$F,AH7)=INDEX(Partidos!$E:$E,AH7),"E","P")))) -> V | AN7: =IF(N7="","",_xlfn.TEXTJOIN("-",TRUE(),AI7:AM7)) -> V | AO7: =IF(N7="","",RANK(S7,$S$2:$S$61,0)) -> 1 | AP7: =IF(AO7=1,SUMPRODUCT(($AO$2:AO7=1)*1),"") -> 2 | AQ7: =IF(AO7=1,"GF|"&AP7,"") -> GF|2 | AR7: =IF(N7="","",RANK(T7,$T$2:$T$61,1)) -> 9 | AS7: =IF(AR7=1,SUMPRODUCT(($AR$2:AR7=1)*1),"") | AT7: =IF(AR7=1,"GC|"&AS7,"")
A8: =IF(COUNT($X$2:$X$61)>=7,7,"") -> 7 | B8: =IF($A8="","",INDEX($N$2:$N$61,MATCH($A8,$X$2:$X$61,0))) -> Necaxa | C8: =IF($A8="","",INDEX($O$2:$O$61,MATCH($A8,$X$2:$X$61,0))) -> 1 | D8: =IF($A8="","",INDEX($P$2:$P$61,MATCH($A8,$X$2:$X$61,0))) -> 1 | E8: =IF($A8="","",INDEX($Q$2:$Q$61,MATCH($A8,$X$2:$X$61,0))) -> 0 | F8: =IF($A8="","",INDEX($R$2:$R$61,MATCH($A8,$X$2:$X$61,0))) -> 0 | G8: =IF($A8="","",INDEX($S$2:$S$61,MATCH($A8,$X$2:$X$61,0))) -> 2 | H8: =IF($A8="","",INDEX($T$2:$T$61,MATCH($A8,$X$2:$X$61,0))) -> 1 | I8: =IF($A8="","",INDEX($U$2:$U$61,MATCH($A8,$X$2:$X$61,0))) -> 1 | J8: =IF($A8="","",INDEX($V$2:$V$61,MATCH($A8,$X$2:$X$61,0))) -> 3 | K8: =IF($A8="","",INDEX($AN$2:$AN$61,MATCH($A8,$X$2:$X$61,0))) -> V | N8: =IFERROR(INDEX(Partidos!$C$2:$C$1401,MATCH("TEAM|7",Partidos!$AE$2:$AE$1401,0)),IFERROR(INDEX(Partidos!$D$2:$D$1401,MATCH("TEAM|7",Partidos!$AF$2:$AF$1401,0)),"")) -> Atlético de San Luis | O8: =IF(N8="","",COUNTIF(Partidos!$C$2:$C$1401,N8)+COUNTIF(Partidos!$D$2:$D$1401,N8)) -> 1 | P8: =IF(N8="","",SUMPRODUCT((Partidos!$C$2:$C$1401=N8)*(Partidos!$E$2:$E$1401>Partidos!$F$2:$F$1401))+SUMPRODUCT((Partidos!$D$2:$D$1401=N8)*(Partidos!$F$2:$F$1401>Partidos!$E$2:$E$1401))) -> 0 | Q8: =IF(N8="","",SUMPRODUCT((((Partidos!$C$2:$C$1401=N8)+(Partidos!$D$2:$D$1401=N8)))*(Partidos!$E$2:$E$1401=Partidos!$F$2:$F$1401)*(Partidos!$C$2:$C$1401<>""))) -> 0 | R8: =IF(N8="","",O8-P8-Q8) -> 1 | S8: =IF(N8="","",SUMIF(Partidos!$C$2:$C$1401,N8,Partidos!$E$2:$E$1401)+SUMIF(Partidos!$D$2:$D$1401,N8,Partidos!$F$2:$F$1401)) -> 2 | T8: =IF(N8="","",SUMIF(Partidos!$C$2:$C$1401,N8,Partidos!$F$2:$F$1401)+SUMIF(Partidos!$D$2:$D$1401,N8,Partidos!$E$2:$E$1401)) -> 3 | U8: =IF(N8="","",S8-T8) -> -1 | V8: =IF(N8="","",P8*3+Q8) -> 0 | W8: =IF(N8="","",V8*1000000+U8*1000+S8+(ROW()*0.0000001)) -> -998 | X8: =IF(N8="","",RANK(W8,$W$2:$W$61)) -> 11 | Y8: =IF(N8="","",O8-4) -> -3 | Z8: =IF(N8="","",O8-3) -> -2 | AA8: =IF(N8="","",O8-2) -> -1 | AB8: =IF(N8="","",O8-1) -> 0 | AC8: =IF(N8="","",O8-0) -> 1 | AD8: =IF(OR(N8="",Y8=""),"",IF(Y8<1,"",IFERROR(MATCH($N8&"|"&Y8,Partidos!$Y:$Y,0),IFERROR(MATCH($N8&"|"&Y8,Partidos!$Z:$Z,0),"")))) | AE8: =IF(OR(N8="",Z8=""),"",IF(Z8<1,"",IFERROR(MATCH($N8&"|"&Z8,Partidos!$Y:$Y,0),IFERROR(MATCH($N8&"|"&Z8,Partidos!$Z:$Z,0),"")))) | AF8: =IF(OR(N8="",AA8=""),"",IF(AA8<1,"",IFERROR(MATCH($N8&"|"&AA8,Partidos!$Y:$Y,0),IFERROR(MATCH($N8&"|"&AA8,Partidos!$Z:$Z,0),"")))) | AG8: =IF(OR(N8="",AB8=""),"",IF(AB8<1,"",IFERROR(MATCH($N8&"|"&AB8,Partidos!$Y:$Y,0),IFERROR(MATCH($N8&"|"&AB8,Partidos!$Z:$Z,0),"")))) | AH8: =IF(OR(N8="",AC8=""),"",IF(AC8<1,"",IFERROR(MATCH($N8&"|"&AC8,Partidos!$Y:$Y,0),IFERROR(MATCH($N8&"|"&AC8,Partidos!$Z:$Z,0),"")))) -> 5 | AI8: =IF(AD8="","",IF(INDEX(Partidos!$C:$C,AD8)=$N8,IF(INDEX(Partidos!$E:$E,AD8)>INDEX(Partidos!$F:$F,AD8),"V",IF(INDEX(Partidos!$E:$E,AD8)=INDEX(Partidos!$F:$F,AD8),"E","P")),IF(INDEX(Partidos!$F:$F,AD8)>INDEX(Partidos!$E:$E,AD8),"V",IF(INDEX(Partidos!$F:$F,AD8)=INDEX(Partidos!$E:$E,AD8),"E","P")))) | AJ8: =IF(AE8="","",IF(INDEX(Partidos!$C:$C,AE8)=$N8,IF(INDEX(Partidos!$E:$E,AE8)>INDEX(Partidos!$F:$F,AE8),"V",IF(INDEX(Partidos!$E:$E,AE8)=INDEX(Partidos!$F:$F,AE8),"E","P")),IF(INDEX(Partidos!$F:$F,AE8)>INDEX(Partidos!$E:$E,AE8),"V",IF(INDEX(Partidos!$F:$F,AE8)=INDEX(Partidos!$E:$E,AE8),"E","P")))) | AK8: =IF(AF8="","",IF(INDEX(Partidos!$C:$C,AF8)=$N8,IF(INDEX(Partidos!$E:$E,AF8)>INDEX(Partidos!$F:$F,AF8),"V",IF(INDEX(Partidos!$E:$E,AF8)=INDEX(Partidos!$F:$F,AF8),"E","P")),IF(INDEX(Partidos!$F:$F,AF8)>INDEX(Partidos!$E:$E,AF8),"V",IF(INDEX(Partidos!$F:$F,AF8)=INDEX(Partidos!$E:$E,AF8),"E","P")))) | AL8: =IF(AG8="","",IF(INDEX(Partidos!$C:$C,AG8)=$N8,IF(INDEX(Partidos!$E:$E,AG8)>INDEX(Partidos!$F:$F,AG8),"V",IF(INDEX(Partidos!$E:$E,AG8)=INDEX(Partidos!$F:$F,AG8),"E","P")),IF(INDEX(Partidos!$F:$F,AG8)>INDEX(Partidos!$E:$E,AG8),"V",IF(INDEX(Partidos!$F:$F,AG8)=INDEX(Partidos!$E:$E,AG8),"E","P")))) | AM8: =IF(AH8="","",IF(INDEX(Partidos!$C:$C,AH8)=$N8,IF(INDEX(Partidos!$E:$E,AH8)>INDEX(Partidos!$F:$F,AH8),"V",IF(INDEX(Partidos!$E:$E,AH8)=INDEX(Partidos!$F:$F,AH8),"E","P")),IF(INDEX(Partidos!$F:$F,AH8)>INDEX(Partidos!$E:$E,AH8),"V",IF(INDEX(Partidos!$F:$F,AH8)=INDEX(Partidos!$E:$E,AH8),"E","P")))) -> P | AN8: =IF(N8="","",_xlfn.TEXTJOIN("-",TRUE(),AI8:AM8)) -> P | AO8: =IF(N8="","",RANK(S8,$S$2:$S$61,0)) -> 6 | AP8: =IF(AO8=1,SUMPRODUCT(($AO$2:AO8=1)*1),"") | AQ8: =IF(AO8=1,"GF|"&AP8,"") | AR8: =IF(N8="","",RANK(T8,$T$2:$T$61,1)) -> 14 | AS8: =IF(AR8=1,SUMPRODUCT(($AR$2:AR8=1)*1),"") | AT8: =IF(AR8=1,"GC|"&AS8,"")
A9: =IF(COUNT($X$2:$X$61)>=8,8,"") -> 8 | B9: =IF($A9="","",INDEX($N$2:$N$61,MATCH($A9,$X$2:$X$61,0))) -> Club América | C9: =IF($A9="","",INDEX($O$2:$O$61,MATCH($A9,$X$2:$X$61,0))) -> 1 | D9: =IF($A9="","",INDEX($P$2:$P$61,MATCH($A9,$X$2:$X$61,0))) -> 1 | E9: =IF($A9="","",INDEX($Q$2:$Q$61,MATCH($A9,$X$2:$X$61,0))) -> 0 | F9: =IF($A9="","",INDEX($R$2:$R$61,MATCH($A9,$X$2:$X$61,0))) -> 0 | G9: =IF($A9="","",INDEX($S$2:$S$61,MATCH($A9,$X$2:$X$61,0))) -> 1 | H9: =IF($A9="","",INDEX($T$2:$T$61,MATCH($A9,$X$2:$X$61,0))) -> 0 | I9: =IF($A9="","",INDEX($U$2:$U$61,MATCH($A9,$X$2:$X$61,0))) -> 1 | J9: =IF($A9="","",INDEX($V$2:$V$61,MATCH($A9,$X$2:$X$61,0))) -> 3 | K9: =IF($A9="","",INDEX($AN$2:$AN$61,MATCH($A9,$X$2:$X$61,0))) -> V | N9: =IFERROR(INDEX(Partidos!$C$2:$C$1401,MATCH("TEAM|8",Partidos!$AE$2:$AE$1401,0)),IFERROR(INDEX(Partidos!$D$2:$D$1401,MATCH("TEAM|8",Partidos!$AF$2:$AF$1401,0)),"")) -> Cruz Azul | O9: =IF(N9="","",COUNTIF(Partidos!$C$2:$C$1401,N9)+COUNTIF(Partidos!$D$2:$D$1401,N9)) -> 1 | P9: =IF(N9="","",SUMPRODUCT((Partidos!$C$2:$C$1401=N9)*(Partidos!$E$2:$E$1401>Partidos!$F$2:$F$1401))+SUMPRODUCT((Partidos!$D$2:$D$1401=N9)*(Partidos!$F$2:$F$1401>Partidos!$E$2:$E$1401))) -> 1 | Q9: =IF(N9="","",SUMPRODUCT((((Partidos!$C$2:$C$1401=N9)+(Partidos!$D$2:$D$1401=N9)))*(Partidos!$E$2:$E$1401=Partidos!$F$2:$F$1401)*(Partidos!$C$2:$C$1401<>""))) -> 0 | R9: =IF(N9="","",O9-P9-Q9) -> 0 | S9: =IF(N9="","",SUMIF(Partidos!$C$2:$C$1401,N9,Partidos!$E$2:$E$1401)+SUMIF(Partidos!$D$2:$D$1401,N9,Partidos!$F$2:$F$1401)) -> 3 | T9: =IF(N9="","",SUMIF(Partidos!$C$2:$C$1401,N9,Partidos!$F$2:$F$1401)+SUMIF(Partidos!$D$2:$D$1401,N9,Partidos!$E$2:$E$1401)) -> 2 | U9: =IF(N9="","",S9-T9) -> 1 | V9: =IF(N9="","",P9*3+Q9) -> 3 | W9: =IF(N9="","",V9*1000000+U9*1000+S9+(ROW()*0.0000001)) -> 3001003 | X9: =IF(N9="","",RANK(W9,$W$2:$W$61)) -> 5 | Y9: =IF(N9="","",O9-4) -> -3 | Z9: =IF(N9="","",O9-3) -> -2 | AA9: =IF(N9="","",O9-2) -> -1 | AB9: =IF(N9="","",O9-1) -> 0 | AC9: =IF(N9="","",O9-0) -> 1 | AD9: =IF(OR(N9="",Y9=""),"",IF(Y9<1,"",IFERROR(MATCH($N9&"|"&Y9,Partidos!$Y:$Y,0),IFERROR(MATCH($N9&"|"&Y9,Partidos!$Z:$Z,0),"")))) | AE9: =IF(OR(N9="",Z9=""),"",IF(Z9<1,"",IFERROR(MATCH($N9&"|"&Z9,Partidos!$Y:$Y,0),IFERROR(MATCH($N9&"|"&Z9,Partidos!$Z:$Z,0),"")))) | AF9: =IF(OR(N9="",AA9=""),"",IF(AA9<1,"",IFERROR(MATCH($N9&"|"&AA9,Partidos!$Y:$Y,0),IFERROR(MATCH($N9&"|"&AA9,Partidos!$Z:$Z,0),"")))) | AG9: =IF(OR(N9="",AB9=""),"",IF(AB9<1,"",IFERROR(MATCH($N9&"|"&AB9,Partidos!$Y:$Y,0),IFERROR(MATCH($N9&"|"&AB9,Partidos!$Z:$Z,0),"")))) | AH9: =IF(OR(N9="",AC9=""),"",IF(AC9<1,"",IFERROR(MATCH($N9&"|"&AC9,Partidos!$Y:$Y,0),IFERROR(MATCH($N9&"|"&AC9,Partidos!$Z:$Z,0),"")))) -> 5 | AI9: =IF(AD9="","",IF(INDEX(Partidos!$C:$C,AD9)=$N9,IF(INDEX(Partidos!$E:$E,AD9)>INDEX(Partidos!$F:$F,AD9),"V",IF(INDEX(Partidos!$E:$E,AD9)=INDEX(Partidos!$F:$F,AD9),"E","P")),IF(INDEX(Partidos!$F:$F,AD9)>INDEX(Partidos!$E:$E,AD9),"V",IF(INDEX(Partidos!$F:$F,AD9)=INDEX(Partidos!$E:$E,AD9),"E","P")))) | AJ9: =IF(AE9="","",IF(INDEX(Partidos!$C:$C,AE9)=$N9,IF(INDEX(Partidos!$E:$E,AE9)>INDEX(Partidos!$F:$F,AE9),"V",IF(INDEX(Partidos!$E:$E,AE9)=INDEX(Partidos!$F:$F,AE9),"E","P")),IF(INDEX(Partidos!$F:$F,AE9)>INDEX(Partidos!$E:$E,AE9),"V",IF(INDEX(Partidos!$F:$F,AE9)=INDEX(Partidos!$E:$E,AE9),"E","P")))) | AK9: =IF(AF9="","",IF(INDEX(Partidos!$C:$C,AF9)=$N9,IF(INDEX(Partidos!$E:$E,AF9)>INDEX(Partidos!$F:$F,AF9),"V",IF(INDEX(Partidos!$E:$E,AF9)=INDEX(Partidos!$F:$F,AF9),"E","P")),IF(INDEX(Partidos!$F:$F,AF9)>INDEX(Partidos!$E:$E,AF9),"V",IF(INDEX(Partidos!$F:$F,AF9)=INDEX(Partidos!$E:$E,AF9),"E","P")))) | AL9: =IF(AG9="","",IF(INDEX(Partidos!$C:$C,AG9)=$N9,IF(INDEX(Partidos!$E:$E,AG9)>INDEX(Partidos!$F:$F,AG9),"V",IF(INDEX(Partidos!$E:$E,AG9)=INDEX(Partidos!$F:$F,AG9),"E","P")),IF(INDEX(Partidos!$F:$F,AG9)>INDEX(Partidos!$E:$E,AG9),"V",IF(INDEX(Partidos!$F:$F,AG9)=INDEX(Partidos!$E:$E,AG9),"E","P")))) | AM9: =IF(AH9="","",IF(INDEX(Partidos!$C:$C,AH9)=$N9,IF(INDEX(Partidos!$E:$E,AH9)>INDEX(Partidos!$F:$F,AH9),"V",IF(INDEX(Partidos!$E:$E,AH9)=INDEX(Partidos!$F:$F,AH9),"E","P")),IF(INDEX(Partidos!$F:$F,AH9)>INDEX(Partidos!$E:$E,AH9),"V",IF(INDEX(Partidos!$F:$F,AH9)=INDEX(Partidos!$E:$E,AH9),"E","P")))) -> V | AN9: =IF(N9="","",_xlfn.TEXTJOIN("-",TRUE(),AI9:AM9)) -> V | AO9: =IF(N9="","",RANK(S9,$S$2:$S$61,0)) -> 1 | AP9: =IF(AO9=1,SUMPRODUCT(($AO$2:AO9=1)*1),"") -> 3 | AQ9: =IF(AO9=1,"GF|"&AP9,"") -> GF|3 | AR9: =IF(N9="","",RANK(T9,$T$2:$T$61,1)) -> 9 | AS9: =IF(AR9=1,SUMPRODUCT(($AR$2:AR9=1)*1),"") | AT9: =IF(AR9=1,"GC|"&AS9,"")
A10: =IF(COUNT($X$2:$X$61)>=9,9,"") -> 9 | B10: =IF($A10="","",INDEX($N$2:$N$61,MATCH($A10,$X$2:$X$61,0))) -> Puebla | C10: =IF($A10="","",INDEX($O$2:$O$61,MATCH($A10,$X$2:$X$61,0))) -> 1 | D10: =IF($A10="","",INDEX($P$2:$P$61,MATCH($A10,$X$2:$X$61,0))) -> 1 | E10: =IF($A10="","",INDEX($Q$2:$Q$61,MATCH($A10,$X$2:$X$61,0))) -> 0 | F10: =IF($A10="","",INDEX($R$2:$R$61,MATCH($A10,$X$2:$X$61,0))) -> 0 | G10: =IF($A10="","",INDEX($S$2:$S$61,MATCH($A10,$X$2:$X$61,0))) -> 1 | H10: =IF($A10="","",INDEX($T$2:$T$61,MATCH($A10,$X$2:$X$61,0))) -> 0 | I10: =IF($A10="","",INDEX($U$2:$U$61,MATCH($A10,$X$2:$X$61,0))) -> 1 | J10: =IF($A10="","",INDEX($V$2:$V$61,MATCH($A10,$X$2:$X$61,0))) -> 3 | K10: =IF($A10="","",INDEX($AN$2:$AN$61,MATCH($A10,$X$2:$X$61,0))) -> V | N10: =IFERROR(INDEX(Partidos!$C$2:$C$1401,MATCH("TEAM|9",Partidos!$AE$2:$AE$1401,0)),IFERROR(INDEX(Partidos!$D$2:$D$1401,MATCH("TEAM|9",Partidos!$AF$2:$AF$1401,0)),"")) -> Juárez | O10: =IF(N10="","",COUNTIF(Partidos!$C$2:$C$1401,N10)+COUNTIF(Partidos!$D$2:$D$1401,N10)) -> 1 | P10: =IF(N10="","",SUMPRODUCT((Partidos!$C$2:$C$1401=N10)*(Partidos!$E$2:$E$1401>Partidos!$F$2:$F$1401))+SUMPRODUCT((Partidos!$D$2:$D$1401=N10)*(Partidos!$F$2:$F$1401>Partidos!$E$2:$E$1401))) -> 0 | Q10: =IF(N10="","",SUMPRODUCT((((Partidos!$C$2:$C$1401=N10)+(Partidos!$D$2:$D$1401=N10)))*(Partidos!$E$2:$E$1401=Partidos!$F$2:$F$1401)*(Partidos!$C$2:$C$1401<>""))) -> 0 | R10: =IF(N10="","",O10-P10-Q10) -> 1 | S10: =IF(N10="","",SUMIF(Partidos!$C$2:$C$1401,N10,Partidos!$E$2:$E$1401)+SUMIF(Partidos!$D$2:$D$1401,N10,Partidos!$F$2:$F$1401)) -> 0 | T10: =IF(N10="","",SUMIF(Partidos!$C$2:$C$1401,N10,Partidos!$F$2:$F$1401)+SUMIF(Partidos!$D$2:$D$1401,N10,Partidos!$E$2:$E$1401)) -> 1 | U10: =IF(N10="","",S10-T10) -> -1 | V10: =IF(N10="","",P10*3+Q10) -> 0 | W10: =IF(N10="","",V10*1000000+U10*1000+S10+(ROW()*0.0000001)) -> -1000 | X10: =IF(N10="","",RANK(W10,$W$2:$W$61)) -> 15 | Y10: =IF(N10="","",O10-4) -> -3 | Z10: =IF(N10="","",O10-3) -> -2 | AA10: =IF(N10="","",O10-2) -> -1 | AB10: =IF(N10="","",O10-1) -> 0 | AC10: =IF(N10="","",O10-0) -> 1 | AD10: =IF(OR(N10="",Y10=""),"",IF(Y10<1,"",IFERROR(MATCH($N10&"|"&Y10,Partidos!$Y:$Y,0),IFERROR(MATCH($N10&"|"&Y10,Partidos!$Z:$Z,0),"")))) | AE10: =IF(OR(N10="",Z10=""),"",IF(Z10<1,"",IFERROR(MATCH($N10&"|"&Z10,Partidos!$Y:$Y,0),IFERROR(MATCH($N10&"|"&Z10,Partidos!$Z:$Z,0),"")))) | AF10: =IF(OR(N10="",AA10=""),"",IF(AA10<1,"",IFERROR(MATCH($N10&"|"&AA10,Partidos!$Y:$Y,0),IFERROR(MATCH($N10&"|"&AA10,Partidos!$Z:$Z,0),"")))) | AG10: =IF(OR(N10="",AB10=""),"",IF(AB10<1,"",IFERROR(MATCH($N10&"|"&AB10,Partidos!$Y:$Y,0),IFERROR(MATCH($N10&"|"&AB10,Partidos!$Z:$Z,0),"")))) | AH10: =IF(OR(N10="",AC10=""),"",IF(AC10<1,"",IFERROR(MATCH($N10&"|"&AC10,Partidos!$Y:$Y,0),IFERROR(MATCH($N10&"|"&AC10,Partidos!$Z:$Z,0),"")))) -> 6 | AI10: =IF(AD10="","",IF(INDEX(Partidos!$C:$C,AD10)=$N10,IF(INDEX(Partidos!$E:$E,AD10)>INDEX(Partidos!$F:$F,AD10),"V",IF(INDEX(Partidos!$E:$E,AD10)=INDEX(Partidos!$F:$F,AD10),"E","P")),IF(INDEX(Partidos!$F:$F,AD10)>INDEX(Partidos!$E:$E,AD10),"V",IF(INDEX(Partidos!$F:$F,AD10)=INDEX(Partidos!$E:$E,AD10),"E","P")))) | AJ10: =IF(AE10="","",IF(INDEX(Partidos!$C:$C,AE10)=$N10,IF(INDEX(Partidos!$E:$E,AE10)>INDEX(Partidos!$F:$F,AE10),"V",IF(INDEX(Partidos!$E:$E,AE10)=INDEX(Partidos!$F:$F,AE10),"E","P")),IF(INDEX(Partidos!$F:$F,AE10)>INDEX(Partidos!$E:$E,AE10),"V",IF(INDEX(Partidos!$F:$F,AE10)=INDEX(Partidos!$E:$E,AE10),"E","P")))) | AK10: =IF(AF10="","",IF(INDEX(Partidos!$C:$C,AF10)=$N10,IF(INDEX(Partidos!$E:$E,AF10)>INDEX(Partidos!$F:$F,AF10),"V",IF(INDEX(Partidos!$E:$E,AF10)=INDEX(Partidos!$F:$F,AF10),"E","P")),IF(INDEX(Partidos!$F:$F,AF10)>INDEX(Partidos!$E:$E,AF10),"V",IF(INDEX(Partidos!$F:$F,AF10)=INDEX(Partidos!$E:$E,AF10),"E","P")))) | AL10: =IF(AG10="","",IF(INDEX(Partidos!$C:$C,AG10)=$N10,IF(INDEX(Partidos!$E:$E,AG10)>INDEX(Partidos!$F:$F,AG10),"V",IF(INDEX(Partidos!$E:$E,AG10)=INDEX(Partidos!$F:$F,AG10),"E","P")),IF(INDEX(Partidos!$F:$F,AG10)>INDEX(Partidos!$E:$E,AG10),"V",IF(INDEX(Partidos!$F:$F,AG10)=INDEX(Partidos!$E:$E,AG10),"E","P")))) | AM10: =IF(AH10="","",IF(INDEX(Partidos!$C:$C,AH10)=$N10,IF(INDEX(Partidos!$E:$E,AH10)>INDEX(Partidos!$F:$F,AH10),"V",IF(INDEX(Partidos!$E:$E,AH10)=INDEX(Partidos!$F:$F,AH10),"E","P")),IF(INDEX(Partidos!$F:$F,AH10)>INDEX(Partidos!$E:$E,AH10),"V",IF(INDEX(Partidos!$F:$F,AH10)=INDEX(Partidos!$E:$E,AH10),"E","P")))) -> P | AN10: =IF(N10="","",_xlfn.TEXTJOIN("-",TRUE(),AI10:AM10)) -> P | AO10: =IF(N10="","",RANK(S10,$S$2:$S$61,0)) -> 15 | AP10: =IF(AO10=1,SUMPRODUCT(($AO$2:AO10=1)*1),"") | AQ10: =IF(AO10=1,"GF|"&AP10,"") | AR10: =IF(N10="","",RANK(T10,$T$2:$T$61,1)) -> 5 | AS10: =IF(AR10=1,SUMPRODUCT(($AR$2:AR10=1)*1),"") | AT10: =IF(AR10=1,"GC|"&AS10,"")
A11: =IF(COUNT($X$2:$X$61)>=10,10,"") -> 10 | B11: =IF($A11="","",INDEX($N$2:$N$61,MATCH($A11,$X$2:$X$61,0))) -> Santos Laguna | C11: =IF($A11="","",INDEX($O$2:$O$61,MATCH($A11,$X$2:$X$61,0))) -> 1 | D11: =IF($A11="","",INDEX($P$2:$P$61,MATCH($A11,$X$2:$X$61,0))) -> 0 | E11: =IF($A11="","",INDEX($Q$2:$Q$61,MATCH($A11,$X$2:$X$61,0))) -> 0 | F11: =IF($A11="","",INDEX($R$2:$R$61,MATCH($A11,$X$2:$X$61,0))) -> 1 | G11: =IF($A11="","",INDEX($S$2:$S$61,MATCH($A11,$X$2:$X$61,0))) -> 2 | H11: =IF($A11="","",INDEX($T$2:$T$61,MATCH($A11,$X$2:$X$61,0))) -> 3 | I11: =IF($A11="","",INDEX($U$2:$U$61,MATCH($A11,$X$2:$X$61,0))) -> -1 | J11: =IF($A11="","",INDEX($V$2:$V$61,MATCH($A11,$X$2:$X$61,0))) -> 0 | K11: =IF($A11="","",INDEX($AN$2:$AN$61,MATCH($A11,$X$2:$X$61,0))) -> P | N11: =IFERROR(INDEX(Partidos!$C$2:$C$1401,MATCH("TEAM|10",Partidos!$AE$2:$AE$1401,0)),IFERROR(INDEX(Partidos!$D$2:$D$1401,MATCH("TEAM|10",Partidos!$AF$2:$AF$1401,0)),"")) -> Puebla | O11: =IF(N11="","",COUNTIF(Partidos!$C$2:$C$1401,N11)+COUNTIF(Partidos!$D$2:$D$1401,N11)) -> 1 | P11: =IF(N11="","",SUMPRODUCT((Partidos!$C$2:$C$1401=N11)*(Partidos!$E$2:$E$1401>Partidos!$F$2:$F$1401))+SUMPRODUCT((Partidos!$D$2:$D$1401=N11)*(Partidos!$F$2:$F$1401>Partidos!$E$2:$E$1401))) -> 1 | Q11: =IF(N11="","",SUMPRODUCT((((Partidos!$C$2:$C$1401=N11)+(Partidos!$D$2:$D$1401=N11)))*(Partidos!$E$2:$E$1401=Partidos!$F$2:$F$1401)*(Partidos!$C$2:$C$1401<>""))) -> 0 | R11: =IF(N11="","",O11-P11-Q11) -> 0 | S11: =IF(N11="","",SUMIF(Partidos!$C$2:$C$1401,N11,Partidos!$E$2:$E$1401)+SUMIF(Partidos!$D$2:$D$1401,N11,Partidos!$F$2:$F$1401)) -> 1 | T11: =IF(N11="","",SUMIF(Partidos!$C$2:$C$1401,N11,Partidos!$F$2:$F$1401)+SUMIF(Partidos!$D$2:$D$1401,N11,Partidos!$E$2:$E$1401)) -> 0 | U11: =IF(N11="","",S11-T11) -> 1 | V11: =IF(N11="","",P11*3+Q11) -> 3 | W11: =IF(N11="","",V11*1000000+U11*1000+S11+(ROW()*0.0000001)) -> 3001001 | X11: =IF(N11="","",RANK(W11,$W$2:$W$61)) -> 9 | Y11: =IF(N11="","",O11-4) -> -3 | Z11: =IF(N11="","",O11-3) -> -2 | AA11: =IF(N11="","",O11-2) -> -1 | AB11: =IF(N11="","",O11-1) -> 0 | AC11: =IF(N11="","",O11-0) -> 1 | AD11: =IF(OR(N11="",Y11=""),"",IF(Y11<1,"",IFERROR(MATCH($N11&"|"&Y11,Partidos!$Y:$Y,0),IFERROR(MATCH($N11&"|"&Y11,Partidos!$Z:$Z,0),"")))) | AE11: =IF(OR(N11="",Z11=""),"",IF(Z11<1,"",IFERROR(MATCH($N11&"|"&Z11,Partidos!$Y:$Y,0),IFERROR(MATCH($N11&"|"&Z11,Partidos!$Z:$Z,0),"")))) | AF11: =IF(OR(N11="",AA11=""),"",IF(AA11<1,"",IFERROR(MATCH($N11&"|"&AA11,Partidos!$Y:$Y,0),IFERROR(MATCH($N11&"|"&AA11,Partidos!$Z:$Z,0),"")))) | AG11: =IF(OR(N11="",AB11=""),"",IF(AB11<1,"",IFERROR(MATCH($N11&"|"&AB11,Partidos!$Y:$Y,0),IFERROR(MATCH($N11&"|"&AB11,Partidos!$Z:$Z,0),"")))) | AH11: =IF(OR(N11="",AC11=""),"",IF(AC11<1,"",IFERROR(MATCH($N11&"|"&AC11,Partidos!$Y:$Y,0),IFERROR(MATCH($N11&"|"&AC11,Partidos!$Z:$Z,0),"")))) -> 6 | AI11: =IF(AD11="","",IF(INDEX(Partidos!$C:$C,AD11)=$N11,IF(INDEX(Partidos!$E:$E,AD11)>INDEX(Partidos!$F:$F,AD11),"V",IF(INDEX(Partidos!$E:$E,AD11)=INDEX(Partidos!$F:$F,AD11),"E","P")),IF(INDEX(Partidos!$F:$F,AD11)>INDEX(Partidos!$E:$E,AD11),"V",IF(INDEX(Partidos!$F:$F,AD11)=INDEX(Partidos!$E:$E,AD11),"E","P")))) | AJ11: =IF(AE11="","",IF(INDEX(Partidos!$C:$C,AE11)=$N11,IF(INDEX(Partidos!$E:$E,AE11)>INDEX(Partidos!$F:$F,AE11),"V",IF(INDEX(Partidos!$E:$E,AE11)=INDEX(Partidos!$F:$F,AE11),"E","P")),IF(INDEX(Partidos!$F:$F,AE11)>INDEX(Partidos!$E:$E,AE11),"V",IF(INDEX(Partidos!$F:$F,AE11)=INDEX(Partidos!$E:$E,AE11),"E","P")))) | AK11: =IF(AF11="","",IF(INDEX(Partidos!$C:$C,AF11)=$N11,IF(INDEX(Partidos!$E:$E,AF11)>INDEX(Partidos!$F:$F,AF11),"V",IF(INDEX(Partidos!$E:$E,AF11)=INDEX(Partidos!$F:$F,AF11),"E","P")),IF(INDEX(Partidos!$F:$F,AF11)>INDEX(Partidos!$E:$E,AF11),"V",IF(INDEX(Partidos!$F:$F,AF11)=INDEX(Partidos!$E:$E,AF11),"E","P")))) | AL11: =IF(AG11="","",IF(INDEX(Partidos!$C:$C,AG11)=$N11,IF(INDEX(Partidos!$E:$E,AG11)>INDEX(Partidos!$F:$F,AG11),"V",IF(INDEX(Partidos!$E:$E,AG11)=INDEX(Partidos!$F:$F,AG11),"E","P")),IF(INDEX(Partidos!$F:$F,AG11)>INDEX(Partidos!$E:$E,AG11),"V",IF(INDEX(Partidos!$F:$F,AG11)=INDEX(Partidos!$E:$E,AG11),"E","P")))) | AM11: =IF(AH11="","",IF(INDEX(Partidos!$C:$C,AH11)=$N11,IF(INDEX(Partidos!$E:$E,AH11)>INDEX(Partidos!$F:$F,AH11),"V",IF(INDEX(Partidos!$E:$E,AH11)=INDEX(Partidos!$F:$F,AH11),"E","P")),IF(INDEX(Partidos!$F:$F,AH11)>INDEX(Partidos!$E:$E,AH11),"V",IF(INDEX(Partidos!$F:$F,AH11)=INDEX(Partidos!$E:$E,AH11),"E","P")))) -> V | AN11: =IF(N11="","",_xlfn.TEXTJOIN("-",TRUE(),AI11:AM11)) -> V | AO11: =IF(N11="","",RANK(S11,$S$2:$S$61,0)) -> 11 | AP11: =IF(AO11=1,SUMPRODUCT(($AO$2:AO11=1)*1),"") | AQ11: =IF(AO11=1,"GF|"&AP11,"") | AR11: =IF(N11="","",RANK(T11,$T$2:$T$61,1)) -> 1 | AS11: =IF(AR11=1,SUMPRODUCT(($AR$2:AR11=1)*1),"") -> 1 | AT11: =IF(AR11=1,"GC|"&AS11,"") -> GC|1
A12: =IF(COUNT($X$2:$X$61)>=11,11,"") -> 11 | B12: =IF($A12="","",INDEX($N$2:$N$61,MATCH($A12,$X$2:$X$61,0))) -> Atlético de San Luis | C12: =IF($A12="","",INDEX($O$2:$O$61,MATCH($A12,$X$2:$X$61,0))) -> 1 | D12: =IF($A12="","",INDEX($P$2:$P$61,MATCH($A12,$X$2:$X$61,0))) -> 0 | E12: =IF($A12="","",INDEX($Q$2:$Q$61,MATCH($A12,$X$2:$X$61,0))) -> 0 | F12: =IF($A12="","",INDEX($R$2:$R$61,MATCH($A12,$X$2:$X$61,0))) -> 1 | G12: =IF($A12="","",INDEX($S$2:$S$61,MATCH($A12,$X$2:$X$61,0))) -> 2 | H12: =IF($A12="","",INDEX($T$2:$T$61,MATCH($A12,$X$2:$X$61,0))) -> 3 | I12: =IF($A12="","",INDEX($U$2:$U$61,MATCH($A12,$X$2:$X$61,0))) -> -1 | J12: =IF($A12="","",INDEX($V$2:$V$61,MATCH($A12,$X$2:$X$61,0))) -> 0 | K12: =IF($A12="","",INDEX($AN$2:$AN$61,MATCH($A12,$X$2:$X$61,0))) -> P | N12: =IFERROR(INDEX(Partidos!$C$2:$C$1401,MATCH("TEAM|11",Partidos!$AE$2:$AE$1401,0)),IFERROR(INDEX(Partidos!$D$2:$D$1401,MATCH("TEAM|11",Partidos!$AF$2:$AF$1401,0)),"")) -> Pumas UNAM | O12: =IF(N12="","",COUNTIF(Partidos!$C$2:$C$1401,N12)+COUNTIF(Partidos!$D$2:$D$1401,N12)) -> 1 | P12: =IF(N12="","",SUMPRODUCT((Partidos!$C$2:$C$1401=N12)*(Partidos!$E$2:$E$1401>Partidos!$F$2:$F$1401))+SUMPRODUCT((Partidos!$D$2:$D$1401=N12)*(Partidos!$F$2:$F$1401>Partidos!$E$2:$E$1401))) -> 0 | Q12: =IF(N12="","",SUMPRODUCT((((Partidos!$C$2:$C$1401=N12)+(Partidos!$D$2:$D$1401=N12)))*(Partidos!$E$2:$E$1401=Partidos!$F$2:$F$1401)*(Partidos!$C$2:$C$1401<>""))) -> 0 | R12: =IF(N12="","",O12-P12-Q12) -> 1 | S12: =IF(N12="","",SUMIF(Partidos!$C$2:$C$1401,N12,Partidos!$E$2:$E$1401)+SUMIF(Partidos!$D$2:$D$1401,N12,Partidos!$F$2:$F$1401)) -> 0 | T12: =IF(N12="","",SUMIF(Partidos!$C$2:$C$1401,N12,Partidos!$F$2:$F$1401)+SUMIF(Partidos!$D$2:$D$1401,N12,Partidos!$E$2:$E$1401)) -> 3 | U12: =IF(N12="","",S12-T12) -> -3 | V12: =IF(N12="","",P12*3+Q12) -> 0 | W12: =IF(N12="","",V12*1000000+U12*1000+S12+(ROW()*0.0000001)) -> -3000 | X12: =IF(N12="","",RANK(W12,$W$2:$W$61)) -> 18 | Y12: =IF(N12="","",O12-4) -> -3 | Z12: =IF(N12="","",O12-3) -> -2 | AA12: =IF(N12="","",O12-2) -> -1 | AB12: =IF(N12="","",O12-1) -> 0 | AC12: =IF(N12="","",O12-0) -> 1 | AD12: =IF(OR(N12="",Y12=""),"",IF(Y12<1,"",IFERROR(MATCH($N12&"|"&Y12,Partidos!$Y:$Y,0),IFERROR(MATCH($N12&"|"&Y12,Partidos!$Z:$Z,0),"")))) | AE12: =IF(OR(N12="",Z12=""),"",IF(Z12<1,"",IFERROR(MATCH($N12&"|"&Z12,Partidos!$Y:$Y,0),IFERROR(MATCH($N12&"|"&Z12,Partidos!$Z:$Z,0),"")))) | AF12: =IF(OR(N12="",AA12=""),"",IF(AA12<1,"",IFERROR(MATCH($N12&"|"&AA12,Partidos!$Y:$Y,0),IFERROR(MATCH($N12&"|"&AA12,Partidos!$Z:$Z,0),"")))) | AG12: =IF(OR(N12="",AB12=""),"",IF(AB12<1,"",IFERROR(MATCH($N12&"|"&AB12,Partidos!$Y:$Y,0),IFERROR(MATCH($N12&"|"&AB12,Partidos!$Z:$Z,0),"")))) | AH12: =IF(OR(N12="",AC12=""),"",IF(AC12<1,"",IFERROR(MATCH($N12&"|"&AC12,Partidos!$Y:$Y,0),IFERROR(MATCH($N12&"|"&AC12,Partidos!$Z:$Z,0),"")))) -> 7 | AI12: =IF(AD12="","",IF(INDEX(Partidos!$C:$C,AD12)=$N12,IF(INDEX(Partidos!$E:$E,AD12)>INDEX(Partidos!$F:$F,AD12),"V",IF(INDEX(Partidos!$E:$E,AD12)=INDEX(Partidos!$F:$F,AD12),"E","P")),IF(INDEX(Partidos!$F:$F,AD12)>INDEX(Partidos!$E:$E,AD12),"V",IF(INDEX(Partidos!$F:$F,AD12)=INDEX(Partidos!$E:$E,AD12),"E","P")))) | AJ12: =IF(AE12="","",IF(INDEX(Partidos!$C:$C,AE12)=$N12,IF(INDEX(Partidos!$E:$E,AE12)>INDEX(Partidos!$F:$F,AE12),"V",IF(INDEX(Partidos!$E:$E,AE12)=INDEX(Partidos!$F:$F,AE12),"E","P")),IF(INDEX(Partidos!$F:$F,AE12)>INDEX(Partidos!$E:$E,AE12),"V",IF(INDEX(Partidos!$F:$F,AE12)=INDEX(Partidos!$E:$E,AE12),"E","P")))) | AK12: =IF(AF12="","",IF(INDEX(Partidos!$C:$C,AF12)=$N12,IF(INDEX(Partidos!$E:$E,AF12)>INDEX(Partidos!$F:$F,AF12),"V",IF(INDEX(Partidos!$E:$E,AF12)=INDEX(Partidos!$F:$F,AF12),"E","P")),IF(INDEX(Partidos!$F:$F,AF12)>INDEX(Partidos!$E:$E,AF12),"V",IF(INDEX(Partidos!$F:$F,AF12)=INDEX(Partidos!$E:$E,AF12),"E","P")))) | AL12: =IF(AG12="","",IF(INDEX(Partidos!$C:$C,AG12)=$N12,IF(INDEX(Partidos!$E:$E,AG12)>INDEX(Partidos!$F:$F,AG12),"V",IF(INDEX(Partidos!$E:$E,AG12)=INDEX(Partidos!$F:$F,AG12),"E","P")),IF(INDEX(Partidos!$F:$F,AG12)>INDEX(Partidos!$E:$E,AG12),"V",IF(INDEX(Partidos!$F:$F,AG12)=INDEX(Partidos!$E:$E,AG12),"E","P")))) | AM12: =IF(AH12="","",IF(INDEX(Partidos!$C:$C,AH12)=$N12,IF(INDEX(Partidos!$E:$E,AH12)>INDEX(Partidos!$F:$F,AH12),"V",IF(INDEX(Partidos!$E:$E,AH12)=INDEX(Partidos!$F:$F,AH12),"E","P")),IF(INDEX(Partidos!$F:$F,AH12)>INDEX(Partidos!$E:$E,AH12),"V",IF(INDEX(Partidos!$F:$F,AH12)=INDEX(Partidos!$E:$E,AH12),"E","P")))) -> P | AN12: =IF(N12="","",_xlfn.TEXTJOIN("-",TRUE(),AI12:AM12)) -> P | AO12: =IF(N12="","",RANK(S12,$S$2:$S$61,0)) -> 15 | AP12: =IF(AO12=1,SUMPRODUCT(($AO$2:AO12=1)*1),"") | AQ12: =IF(AO12=1,"GF|"&AP12,"") | AR12: =IF(N12="","",RANK(T12,$T$2:$T$61,1)) -> 14 | AS12: =IF(AR12=1,SUMPRODUCT(($AR$2:AR12=1)*1),"") | AT12: =IF(AR12=1,"GC|"&AS12,"")
A13: =IF(COUNT($X$2:$X$61)>=12,12,"") -> 12 | B13: =IF($A13="","",INDEX($N$2:$N$61,MATCH($A13,$X$2:$X$61,0))) -> León | C13: =IF($A13="","",INDEX($O$2:$O$61,MATCH($A13,$X$2:$X$61,0))) -> 1 | D13: =IF($A13="","",INDEX($P$2:$P$61,MATCH($A13,$X$2:$X$61,0))) -> 0 | E13: =IF($A13="","",INDEX($Q$2:$Q$61,MATCH($A13,$X$2:$X$61,0))) -> 0 | F13: =IF($A13="","",INDEX($R$2:$R$61,MATCH($A13,$X$2:$X$61,0))) -> 1 | G13: =IF($A13="","",INDEX($S$2:$S$61,MATCH($A13,$X$2:$X$61,0))) -> 2 | H13: =IF($A13="","",INDEX($T$2:$T$61,MATCH($A13,$X$2:$X$61,0))) -> 3 | I13: =IF($A13="","",INDEX($U$2:$U$61,MATCH($A13,$X$2:$X$61,0))) -> -1 | J13: =IF($A13="","",INDEX($V$2:$V$61,MATCH($A13,$X$2:$X$61,0))) -> 0 | K13: =IF($A13="","",INDEX($AN$2:$AN$61,MATCH($A13,$X$2:$X$61,0))) -> P | N13: =IFERROR(INDEX(Partidos!$C$2:$C$1401,MATCH("TEAM|12",Partidos!$AE$2:$AE$1401,0)),IFERROR(INDEX(Partidos!$D$2:$D$1401,MATCH("TEAM|12",Partidos!$AF$2:$AF$1401,0)),"")) -> Pachuca | O13: =IF(N13="","",COUNTIF(Partidos!$C$2:$C$1401,N13)+COUNTIF(Partidos!$D$2:$D$1401,N13)) -> 1 | P13: =IF(N13="","",SUMPRODUCT((Partidos!$C$2:$C$1401=N13)*(Partidos!$E$2:$E$1401>Partidos!$F$2:$F$1401))+SUMPRODUCT((Partidos!$D$2:$D$1401=N13)*(Partidos!$F$2:$F$1401>Partidos!$E$2:$E$1401))) -> 1 | Q13: =IF(N13="","",SUMPRODUCT((((Partidos!$C$2:$C$1401=N13)+(Partidos!$D$2:$D$1401=N13)))*(Partidos!$E$2:$E$1401=Partidos!$F$2:$F$1401)*(Partidos!$C$2:$C$1401<>""))) -> 0 | R13: =IF(N13="","",O13-P13-Q13) -> 0 | S13: =IF(N13="","",SUMIF(Partidos!$C$2:$C$1401,N13,Partidos!$E$2:$E$1401)+SUMIF(Partidos!$D$2:$D$1401,N13,Partidos!$F$2:$F$1401)) -> 3 | T13: =IF(N13="","",SUMIF(Partidos!$C$2:$C$1401,N13,Partidos!$F$2:$F$1401)+SUMIF(Partidos!$D$2:$D$1401,N13,Partidos!$E$2:$E$1401)) -> 0 | U13: =IF(N13="","",S13-T13) -> 3 | V13: =IF(N13="","",P13*3+Q13) -> 3 | W13: =IF(N13="","",V13*1000000+U13*1000+S13+(ROW()*0.0000001)) -> 3003003 | X13: =IF(N13="","",RANK(W13,$W$2:$W$61)) -> 1 | Y13: =IF(N13="","",O13-4) -> -3 | Z13: =IF(N13="","",O13-3) -> -2 | AA13: =IF(N13="","",O13-2) -> -1 | AB13: =IF(N13="","",O13-1) -> 0 | AC13: =IF(N13="","",O13-0) -> 1 | AD13: =IF(OR(N13="",Y13=""),"",IF(Y13<1,"",IFERROR(MATCH($N13&"|"&Y13,Partidos!$Y:$Y,0),IFERROR(MATCH($N13&"|"&Y13,Partidos!$Z:$Z,0),"")))) | AE13: =IF(OR(N13="",Z13=""),"",IF(Z13<1,"",IFERROR(MATCH($N13&"|"&Z13,Partidos!$Y:$Y,0),IFERROR(MATCH($N13&"|"&Z13,Partidos!$Z:$Z,0),"")))) | AF13: =IF(OR(N13="",AA13=""),"",IF(AA13<1,"",IFERROR(MATCH($N13&"|"&AA13,Partidos!$Y:$Y,0),IFERROR(MATCH($N13&"|"&AA13,Partidos!$Z:$Z,0),"")))) | AG13: =IF(OR(N13="",AB13=""),"",IF(AB13<1,"",IFERROR(MATCH($N13&"|"&AB13,Partidos!$Y:$Y,0),IFERROR(MATCH($N13&"|"&AB13,Partidos!$Z:$Z,0),"")))) | AH13: =IF(OR(N13="",AC13=""),"",IF(AC13<1,"",IFERROR(MATCH($N13&"|"&AC13,Partidos!$Y:$Y,0),IFERROR(MATCH($N13&"|"&AC13,Partidos!$Z:$Z,0),"")))) -> 7 | AI13: =IF(AD13="","",IF(INDEX(Partidos!$C:$C,AD13)=$N13,IF(INDEX(Partidos!$E:$E,AD13)>INDEX(Partidos!$F:$F,AD13),"V",IF(INDEX(Partidos!$E:$E,AD13)=INDEX(Partidos!$F:$F,AD13),"E","P")),IF(INDEX(Partidos!$F:$F,AD13)>INDEX(Partidos!$E:$E,AD13),"V",IF(INDEX(Partidos!$F:$F,AD13)=INDEX(Partidos!$E:$E,AD13),"E","P")))) | AJ13: =IF(AE13="","",IF(INDEX(Partidos!$C:$C,AE13)=$N13,IF(INDEX(Partidos!$E:$E,AE13)>INDEX(Partidos!$F:$F,AE13),"V",IF(INDEX(Partidos!$E:$E,AE13)=INDEX(Partidos!$F:$F,AE13),"E","P")),IF(INDEX(Partidos!$F:$F,AE13)>INDEX(Partidos!$E:$E,AE13),"V",IF(INDEX(Partidos!$F:$F,AE13)=INDEX(Partidos!$E:$E,AE13),"E","P")))) | AK13: =IF(AF13="","",IF(INDEX(Partidos!$C:$C,AF13)=$N13,IF(INDEX(Partidos!$E:$E,AF13)>INDEX(Partidos!$F:$F,AF13),"V",IF(INDEX(Partidos!$E:$E,AF13)=INDEX(Partidos!$F:$F,AF13),"E","P")),IF(INDEX(Partidos!$F:$F,AF13)>INDEX(Partidos!$E:$E,AF13),"V",IF(INDEX(Partidos!$F:$F,AF13)=INDEX(Partidos!$E:$E,AF13),"E","P")))) | AL13: =IF(AG13="","",IF(INDEX(Partidos!$C:$C,AG13)=$N13,IF(INDEX(Partidos!$E:$E,AG13)>INDEX(Partidos!$F:$F,AG13),"V",IF(INDEX(Partidos!$E:$E,AG13)=INDEX(Partidos!$F:$F,AG13),"E","P")),IF(INDEX(Partidos!$F:$F,AG13)>INDEX(Partidos!$E:$E,AG13),"V",IF(INDEX(Partidos!$F:$F,AG13)=INDEX(Partidos!$E:$E,AG13),"E","P")))) | AM13: =IF(AH13="","",IF(INDEX(Partidos!$C:$C,AH13)=$N13,IF(INDEX(Partidos!$E:$E,AH13)>INDEX(Partidos!$F:$F,AH13),"V",IF(INDEX(Partidos!$E:$E,AH13)=INDEX(Partidos!$F:$F,AH13),"E","P")),IF(INDEX(Partidos!$F:$F,AH13)>INDEX(Partidos!$E:$E,AH13),"V",IF(INDEX(Partidos!$F:$F,AH13)=INDEX(Partidos!$E:$E,AH13),"E","P")))) -> V | AN13: =IF(N13="","",_xlfn.TEXTJOIN("-",TRUE(),AI13:AM13)) -> V | AO13: =IF(N13="","",RANK(S13,$S$2:$S$61,0)) -> 1 | AP13: =IF(AO13=1,SUMPRODUCT(($AO$2:AO13=1)*1),"") -> 4 | AQ13: =IF(AO13=1,"GF|"&AP13,"") -> GF|4 | AR13: =IF(N13="","",RANK(T13,$T$2:$T$61,1)) -> 1 | AS13: =IF(AR13=1,SUMPRODUCT(($AR$2:AR13=1)*1),"") -> 2 | AT13: =IF(AR13=1,"GC|"&AS13,"") -> GC|2
A14: =IF(COUNT($X$2:$X$61)>=13,13,"") -> 13 | B14: =IF($A14="","",INDEX($N$2:$N$61,MATCH($A14,$X$2:$X$61,0))) -> Atlante | C14: =IF($A14="","",INDEX($O$2:$O$61,MATCH($A14,$X$2:$X$61,0))) -> 1 | D14: =IF($A14="","",INDEX($P$2:$P$61,MATCH($A14,$X$2:$X$61,0))) -> 0 | E14: =IF($A14="","",INDEX($Q$2:$Q$61,MATCH($A14,$X$2:$X$61,0))) -> 0 | F14: =IF($A14="","",INDEX($R$2:$R$61,MATCH($A14,$X$2:$X$61,0))) -> 1 | G14: =IF($A14="","",INDEX($S$2:$S$61,MATCH($A14,$X$2:$X$61,0))) -> 1 | H14: =IF($A14="","",INDEX($T$2:$T$61,MATCH($A14,$X$2:$X$61,0))) -> 2 | I14: =IF($A14="","",INDEX($U$2:$U$61,MATCH($A14,$X$2:$X$61,0))) -> -1 | J14: =IF($A14="","",INDEX($V$2:$V$61,MATCH($A14,$X$2:$X$61,0))) -> 0 | K14: =IF($A14="","",INDEX($AN$2:$AN$61,MATCH($A14,$X$2:$X$61,0))) -> P | N14: =IFERROR(INDEX(Partidos!$C$2:$C$1401,MATCH("TEAM|13",Partidos!$AE$2:$AE$1401,0)),IFERROR(INDEX(Partidos!$D$2:$D$1401,MATCH("TEAM|13",Partidos!$AF$2:$AF$1401,0)),"")) -> Monterrey | O14: =IF(N14="","",COUNTIF(Partidos!$C$2:$C$1401,N14)+COUNTIF(Partidos!$D$2:$D$1401,N14)) -> 1 | P14: =IF(N14="","",SUMPRODUCT((Partidos!$C$2:$C$1401=N14)*(Partidos!$E$2:$E$1401>Partidos!$F$2:$F$1401))+SUMPRODUCT((Partidos!$D$2:$D$1401=N14)*(Partidos!$F$2:$F$1401>Partidos!$E$2:$E$1401))) -> 1 | Q14: =IF(N14="","",SUMPRODUCT((((Partidos!$C$2:$C$1401=N14)+(Partidos!$D$2:$D$1401=N14)))*(Partidos!$E$2:$E$1401=Partidos!$F$2:$F$1401)*(Partidos!$C$2:$C$1401<>""))) -> 0 | R14: =IF(N14="","",O14-P14-Q14) -> 0 | S14: =IF(N14="","",SUMIF(Partidos!$C$2:$C$1401,N14,Partidos!$E$2:$E$1401)+SUMIF(Partidos!$D$2:$D$1401,N14,Partidos!$F$2:$F$1401)) -> 3 | T14: =IF(N14="","",SUMIF(Partidos!$C$2:$C$1401,N14,Partidos!$F$2:$F$1401)+SUMIF(Partidos!$D$2:$D$1401,N14,Partidos!$E$2:$E$1401)) -> 2 | U14: =IF(N14="","",S14-T14) -> 1 | V14: =IF(N14="","",P14*3+Q14) -> 3 | W14: =IF(N14="","",V14*1000000+U14*1000+S14+(ROW()*0.0000001)) -> 3001003 | X14: =IF(N14="","",RANK(W14,$W$2:$W$61)) -> 4 | Y14: =IF(N14="","",O14-4) -> -3 | Z14: =IF(N14="","",O14-3) -> -2 | AA14: =IF(N14="","",O14-2) -> -1 | AB14: =IF(N14="","",O14-1) -> 0 | AC14: =IF(N14="","",O14-0) -> 1 | AD14: =IF(OR(N14="",Y14=""),"",IF(Y14<1,"",IFERROR(MATCH($N14&"|"&Y14,Partidos!$Y:$Y,0),IFERROR(MATCH($N14&"|"&Y14,Partidos!$Z:$Z,0),"")))) | AE14: =IF(OR(N14="",Z14=""),"",IF(Z14<1,"",IFERROR(MATCH($N14&"|"&Z14,Partidos!$Y:$Y,0),IFERROR(MATCH($N14&"|"&Z14,Partidos!$Z:$Z,0),"")))) | AF14: =IF(OR(N14="",AA14=""),"",IF(AA14<1,"",IFERROR(MATCH($N14&"|"&AA14,Partidos!$Y:$Y,0),IFERROR(MATCH($N14&"|"&AA14,Partidos!$Z:$Z,0),"")))) | AG14: =IF(OR(N14="",AB14=""),"",IF(AB14<1,"",IFERROR(MATCH($N14&"|"&AB14,Partidos!$Y:$Y,0),IFERROR(MATCH($N14&"|"&AB14,Partidos!$Z:$Z,0),"")))) | AH14: =IF(OR(N14="",AC14=""),"",IF(AC14<1,"",IFERROR(MATCH($N14&"|"&AC14,Partidos!$Y:$Y,0),IFERROR(MATCH($N14&"|"&AC14,Partidos!$Z:$Z,0),"")))) -> 8 | AI14: =IF(AD14="","",IF(INDEX(Partidos!$C:$C,AD14)=$N14,IF(INDEX(Partidos!$E:$E,AD14)>INDEX(Partidos!$F:$F,AD14),"V",IF(INDEX(Partidos!$E:$E,AD14)=INDEX(Partidos!$F:$F,AD14),"E","P")),IF(INDEX(Partidos!$F:$F,AD14)>INDEX(Partidos!$E:$E,AD14),"V",IF(INDEX(Partidos!$F:$F,AD14)=INDEX(Partidos!$E:$E,AD14),"E","P")))) | AJ14: =IF(AE14="","",IF(INDEX(Partidos!$C:$C,AE14)=$N14,IF(INDEX(Partidos!$E:$E,AE14)>INDEX(Partidos!$F:$F,AE14),"V",IF(INDEX(Partidos!$E:$E,AE14)=INDEX(Partidos!$F:$F,AE14),"E","P")),IF(INDEX(Partidos!$F:$F,AE14)>INDEX(Partidos!$E:$E,AE14),"V",IF(INDEX(Partidos!$F:$F,AE14)=INDEX(Partidos!$E:$E,AE14),"E","P")))) | AK14: =IF(AF14="","",IF(INDEX(Partidos!$C:$C,AF14)=$N14,IF(INDEX(Partidos!$E:$E,AF14)>INDEX(Partidos!$F:$F,AF14),"V",IF(INDEX(Partidos!$E:$E,AF14)=INDEX(Partidos!$F:$F,AF14),"E","P")),IF(INDEX(Partidos!$F:$F,AF14)>INDEX(Partidos!$E:$E,AF14),"V",IF(INDEX(Partidos!$F:$F,AF14)=INDEX(Partidos!$E:$E,AF14),"E","P")))) | AL14: =IF(AG14="","",IF(INDEX(Partidos!$C:$C,AG14)=$N14,IF(INDEX(Partidos!$E:$E,AG14)>INDEX(Partidos!$F:$F,AG14),"V",IF(INDEX(Partidos!$E:$E,AG14)=INDEX(Partidos!$F:$F,AG14),"E","P")),IF(INDEX(Partidos!$F:$F,AG14)>INDEX(Partidos!$E:$E,AG14),"V",IF(INDEX(Partidos!$F:$F,AG14)=INDEX(Partidos!$E:$E,AG14),"E","P")))) | AM14: =IF(AH14="","",IF(INDEX(Partidos!$C:$C,AH14)=$N14,IF(INDEX(Partidos!$E:$E,AH14)>INDEX(Partidos!$F:$F,AH14),"V",IF(INDEX(Partidos!$E:$E,AH14)=INDEX(Partidos!$F:$F,AH14),"E","P")),IF(INDEX(Partidos!$F:$F,AH14)>INDEX(Partidos!$E:$E,AH14),"V",IF(INDEX(Partidos!$F:$F,AH14)=INDEX(Partidos!$E:$E,AH14),"E","P")))) -> V | AN14: =IF(N14="","",_xlfn.TEXTJOIN("-",TRUE(),AI14:AM14)) -> V | AO14: =IF(N14="","",RANK(S14,$S$2:$S$61,0)) -> 1 | AP14: =IF(AO14=1,SUMPRODUCT(($AO$2:AO14=1)*1),"") -> 5 | AQ14: =IF(AO14=1,"GF|"&AP14,"") -> GF|5 | AR14: =IF(N14="","",RANK(T14,$T$2:$T$61,1)) -> 9 | AS14: =IF(AR14=1,SUMPRODUCT(($AR$2:AR14=1)*1),"") | AT14: =IF(AR14=1,"GC|"&AS14,"")
A15: =IF(COUNT($X$2:$X$61)>=14,14,"") -> 14 | B15: =IF($A15="","",INDEX($N$2:$N$61,MATCH($A15,$X$2:$X$61,0))) -> Querétaro | C15: =IF($A15="","",INDEX($O$2:$O$61,MATCH($A15,$X$2:$X$61,0))) -> 1 | D15: =IF($A15="","",INDEX($P$2:$P$61,MATCH($A15,$X$2:$X$61,0))) -> 0 | E15: =IF($A15="","",INDEX($Q$2:$Q$61,MATCH($A15,$X$2:$X$61,0))) -> 0 | F15: =IF($A15="","",INDEX($R$2:$R$61,MATCH($A15,$X$2:$X$61,0))) -> 1 | G15: =IF($A15="","",INDEX($S$2:$S$61,MATCH($A15,$X$2:$X$61,0))) -> 0 | H15: =IF($A15="","",INDEX($T$2:$T$61,MATCH($A15,$X$2:$X$61,0))) -> 1 | I15: =IF($A15="","",INDEX($U$2:$U$61,MATCH($A15,$X$2:$X$61,0))) -> -1 | J15: =IF($A15="","",INDEX($V$2:$V$61,MATCH($A15,$X$2:$X$61,0))) -> 0 | K15: =IF($A15="","",INDEX($AN$2:$AN$61,MATCH($A15,$X$2:$X$61,0))) -> P | N15: =IFERROR(INDEX(Partidos!$C$2:$C$1401,MATCH("TEAM|14",Partidos!$AE$2:$AE$1401,0)),IFERROR(INDEX(Partidos!$D$2:$D$1401,MATCH("TEAM|14",Partidos!$AF$2:$AF$1401,0)),"")) -> Santos Laguna | O15: =IF(N15="","",COUNTIF(Partidos!$C$2:$C$1401,N15)+COUNTIF(Partidos!$D$2:$D$1401,N15)) -> 1 | P15: =IF(N15="","",SUMPRODUCT((Partidos!$C$2:$C$1401=N15)*(Partidos!$E$2:$E$1401>Partidos!$F$2:$F$1401))+SUMPRODUCT((Partidos!$D$2:$D$1401=N15)*(Partidos!$F$2:$F$1401>Partidos!$E$2:$E$1401))) -> 0 | Q15: =IF(N15="","",SUMPRODUCT((((Partidos!$C$2:$C$1401=N15)+(Partidos!$D$2:$D$1401=N15)))*(Partidos!$E$2:$E$1401=Partidos!$F$2:$F$1401)*(Partidos!$C$2:$C$1401<>""))) -> 0 | R15: =IF(N15="","",O15-P15-Q15) -> 1 | S15: =IF(N15="","",SUMIF(Partidos!$C$2:$C$1401,N15,Partidos!$E$2:$E$1401)+SUMIF(Partidos!$D$2:$D$1401,N15,Partidos!$F$2:$F$1401)) -> 2 | T15: =IF(N15="","",SUMIF(Partidos!$C$2:$C$1401,N15,Partidos!$F$2:$F$1401)+SUMIF(Partidos!$D$2:$D$1401,N15,Partidos!$E$2:$E$1401)) -> 3 | U15: =IF(N15="","",S15-T15) -> -1 | V15: =IF(N15="","",P15*3+Q15) -> 0 | W15: =IF(N15="","",V15*1000000+U15*1000+S15+(ROW()*0.0000001)) -> -998 | X15: =IF(N15="","",RANK(W15,$W$2:$W$61)) -> 10 | Y15: =IF(N15="","",O15-4) -> -3 | Z15: =IF(N15="","",O15-3) -> -2 | AA15: =IF(N15="","",O15-2) -> -1 | AB15: =IF(N15="","",O15-1) -> 0 | AC15: =IF(N15="","",O15-0) -> 1 | AD15: =IF(OR(N15="",Y15=""),"",IF(Y15<1,"",IFERROR(MATCH($N15&"|"&Y15,Partidos!$Y:$Y,0),IFERROR(MATCH($N15&"|"&Y15,Partidos!$Z:$Z,0),"")))) | AE15: =IF(OR(N15="",Z15=""),"",IF(Z15<1,"",IFERROR(MATCH($N15&"|"&Z15,Partidos!$Y:$Y,0),IFERROR(MATCH($N15&"|"&Z15,Partidos!$Z:$Z,0),"")))) | AF15: =IF(OR(N15="",AA15=""),"",IF(AA15<1,"",IFERROR(MATCH($N15&"|"&AA15,Partidos!$Y:$Y,0),IFERROR(MATCH($N15&"|"&AA15,Partidos!$Z:$Z,0),"")))) | AG15: =IF(OR(N15="",AB15=""),"",IF(AB15<1,"",IFERROR(MATCH($N15&"|"&AB15,Partidos!$Y:$Y,0),IFERROR(MATCH($N15&"|"&AB15,Partidos!$Z:$Z,0),"")))) | AH15: =IF(OR(N15="",AC15=""),"",IF(AC15<1,"",IFERROR(MATCH($N15&"|"&AC15,Partidos!$Y:$Y,0),IFERROR(MATCH($N15&"|"&AC15,Partidos!$Z:$Z,0),"")))) -> 8 | AI15: =IF(AD15="","",IF(INDEX(Partidos!$C:$C,AD15)=$N15,IF(INDEX(Partidos!$E:$E,AD15)>INDEX(Partidos!$F:$F,AD15),"V",IF(INDEX(Partidos!$E:$E,AD15)=INDEX(Partidos!$F:$F,AD15),"E","P")),IF(INDEX(Partidos!$F:$F,AD15)>INDEX(Partidos!$E:$E,AD15),"V",IF(INDEX(Partidos!$F:$F,AD15)=INDEX(Partidos!$E:$E,AD15),"E","P")))) | AJ15: =IF(AE15="","",IF(INDEX(Partidos!$C:$C,AE15)=$N15,IF(INDEX(Partidos!$E:$E,AE15)>INDEX(Partidos!$F:$F,AE15),"V",IF(INDEX(Partidos!$E:$E,AE15)=INDEX(Partidos!$F:$F,AE15),"E","P")),IF(INDEX(Partidos!$F:$F,AE15)>INDEX(Partidos!$E:$E,AE15),"V",IF(INDEX(Partidos!$F:$F,AE15)=INDEX(Partidos!$E:$E,AE15),"E","P")))) | AK15: =IF(AF15="","",IF(INDEX(Partidos!$C:$C,AF15)=$N15,IF(INDEX(Partidos!$E:$E,AF15)>INDEX(Partidos!$F:$F,AF15),"V",IF(INDEX(Partidos!$E:$E,AF15)=INDEX(Partidos!$F:$F,AF15),"E","P")),IF(INDEX(Partidos!$F:$F,AF15)>INDEX(Partidos!$E:$E,AF15),"V",IF(INDEX(Partidos!$F:$F,AF15)=INDEX(Partidos!$E:$E,AF15),"E","P")))) | AL15: =IF(AG15="","",IF(INDEX(Partidos!$C:$C,AG15)=$N15,IF(INDEX(Partidos!$E:$E,AG15)>INDEX(Partidos!$F:$F,AG15),"V",IF(INDEX(Partidos!$E:$E,AG15)=INDEX(Partidos!$F:$F,AG15),"E","P")),IF(INDEX(Partidos!$F:$F,AG15)>INDEX(Partidos!$E:$E,AG15),"V",IF(INDEX(Partidos!$F:$F,AG15)=INDEX(Partidos!$E:$E,AG15),"E","P")))) | AM15: =IF(AH15="","",IF(INDEX(Partidos!$C:$C,AH15)=$N15,IF(INDEX(Partidos!$E:$E,AH15)>INDEX(Partidos!$F:$F,AH15),"V",IF(INDEX(Partidos!$E:$E,AH15)=INDEX(Partidos!$F:$F,AH15),"E","P")),IF(INDEX(Partidos!$F:$F,AH15)>INDEX(Partidos!$E:$E,AH15),"V",IF(INDEX(Partidos!$F:$F,AH15)=INDEX(Partidos!$E:$E,AH15),"E","P")))) -> P | AN15: =IF(N15="","",_xlfn.TEXTJOIN("-",TRUE(),AI15:AM15)) -> P | AO15: =IF(N15="","",RANK(S15,$S$2:$S$61,0)) -> 6 | AP15: =IF(AO15=1,SUMPRODUCT(($AO$2:AO15=1)*1),"") | AQ15: =IF(AO15=1,"GF|"&AP15,"") | AR15: =IF(N15="","",RANK(T15,$T$2:$T$61,1)) -> 14 | AS15: =IF(AR15=1,SUMPRODUCT(($AR$2:AR15=1)*1),"") | AT15: =IF(AR15=1,"GC|"&AS15,"")
A16: =IF(COUNT($X$2:$X$61)>=15,15,"") -> 15 | B16: =IF($A16="","",INDEX($N$2:$N$61,MATCH($A16,$X$2:$X$61,0))) -> Juárez | C16: =IF($A16="","",INDEX($O$2:$O$61,MATCH($A16,$X$2:$X$61,0))) -> 1 | D16: =IF($A16="","",INDEX($P$2:$P$61,MATCH($A16,$X$2:$X$61,0))) -> 0 | E16: =IF($A16="","",INDEX($Q$2:$Q$61,MATCH($A16,$X$2:$X$61,0))) -> 0 | F16: =IF($A16="","",INDEX($R$2:$R$61,MATCH($A16,$X$2:$X$61,0))) -> 1 | G16: =IF($A16="","",INDEX($S$2:$S$61,MATCH($A16,$X$2:$X$61,0))) -> 0 | H16: =IF($A16="","",INDEX($T$2:$T$61,MATCH($A16,$X$2:$X$61,0))) -> 1 | I16: =IF($A16="","",INDEX($U$2:$U$61,MATCH($A16,$X$2:$X$61,0))) -> -1 | J16: =IF($A16="","",INDEX($V$2:$V$61,MATCH($A16,$X$2:$X$61,0))) -> 0 | K16: =IF($A16="","",INDEX($AN$2:$AN$61,MATCH($A16,$X$2:$X$61,0))) -> P | N16: =IFERROR(INDEX(Partidos!$C$2:$C$1401,MATCH("TEAM|15",Partidos!$AE$2:$AE$1401,0)),IFERROR(INDEX(Partidos!$D$2:$D$1401,MATCH("TEAM|15",Partidos!$AF$2:$AF$1401,0)),"")) -> Guadalajara | O16: =IF(N16="","",COUNTIF(Partidos!$C$2:$C$1401,N16)+COUNTIF(Partidos!$D$2:$D$1401,N16)) -> 1 | P16: =IF(N16="","",SUMPRODUCT((Partidos!$C$2:$C$1401=N16)*(Partidos!$E$2:$E$1401>Partidos!$F$2:$F$1401))+SUMPRODUCT((Partidos!$D$2:$D$1401=N16)*(Partidos!$F$2:$F$1401>Partidos!$E$2:$E$1401))) -> 0 | Q16: =IF(N16="","",SUMPRODUCT((((Partidos!$C$2:$C$1401=N16)+(Partidos!$D$2:$D$1401=N16)))*(Partidos!$E$2:$E$1401=Partidos!$F$2:$F$1401)*(Partidos!$C$2:$C$1401<>""))) -> 0 | R16: =IF(N16="","",O16-P16-Q16) -> 1 | S16: =IF(N16="","",SUMIF(Partidos!$C$2:$C$1401,N16,Partidos!$E$2:$E$1401)+SUMIF(Partidos!$D$2:$D$1401,N16,Partidos!$F$2:$F$1401)) -> 0 | T16: =IF(N16="","",SUMIF(Partidos!$C$2:$C$1401,N16,Partidos!$F$2:$F$1401)+SUMIF(Partidos!$D$2:$D$1401,N16,Partidos!$E$2:$E$1401)) -> 2 | U16: =IF(N16="","",S16-T16) -> -2 | V16: =IF(N16="","",P16*3+Q16) -> 0 | W16: =IF(N16="","",V16*1000000+U16*1000+S16+(ROW()*0.0000001)) -> -2000 | X16: =IF(N16="","",RANK(W16,$W$2:$W$61)) -> 17 | Y16: =IF(N16="","",O16-4) -> -3 | Z16: =IF(N16="","",O16-3) -> -2 | AA16: =IF(N16="","",O16-2) -> -1 | AB16: =IF(N16="","",O16-1) -> 0 | AC16: =IF(N16="","",O16-0) -> 1 | AD16: =IF(OR(N16="",Y16=""),"",IF(Y16<1,"",IFERROR(MATCH($N16&"|"&Y16,Partidos!$Y:$Y,0),IFERROR(MATCH($N16&"|"&Y16,Partidos!$Z:$Z,0),"")))) | AE16: =IF(OR(N16="",Z16=""),"",IF(Z16<1,"",IFERROR(MATCH($N16&"|"&Z16,Partidos!$Y:$Y,0),IFERROR(MATCH($N16&"|"&Z16,Partidos!$Z:$Z,0),"")))) | AF16: =IF(OR(N16="",AA16=""),"",IF(AA16<1,"",IFERROR(MATCH($N16&"|"&AA16,Partidos!$Y:$Y,0),IFERROR(MATCH($N16&"|"&AA16,Partidos!$Z:$Z,0),"")))) | AG16: =IF(OR(N16="",AB16=""),"",IF(AB16<1,"",IFERROR(MATCH($N16&"|"&AB16,Partidos!$Y:$Y,0),IFERROR(MATCH($N16&"|"&AB16,Partidos!$Z:$Z,0),"")))) | AH16: =IF(OR(N16="",AC16=""),"",IF(AC16<1,"",IFERROR(MATCH($N16&"|"&AC16,Partidos!$Y:$Y,0),IFERROR(MATCH($N16&"|"&AC16,Partidos!$Z:$Z,0),"")))) -> 9 | AI16: =IF(AD16="","",IF(INDEX(Partidos!$C:$C,AD16)=$N16,IF(INDEX(Partidos!$E:$E,AD16)>INDEX(Partidos!$F:$F,AD16),"V",IF(INDEX(Partidos!$E:$E,AD16)=INDEX(Partidos!$F:$F,AD16),"E","P")),IF(INDEX(Partidos!$F:$F,AD16)>INDEX(Partidos!$E:$E,AD16),"V",IF(INDEX(Partidos!$F:$F,AD16)=INDEX(Partidos!$E:$E,AD16),"E","P")))) | AJ16: =IF(AE16="","",IF(INDEX(Partidos!$C:$C,AE16)=$N16,IF(INDEX(Partidos!$E:$E,AE16)>INDEX(Partidos!$F:$F,AE16),"V",IF(INDEX(Partidos!$E:$E,AE16)=INDEX(Partidos!$F:$F,AE16),"E","P")),IF(INDEX(Partidos!$F:$F,AE16)>INDEX(Partidos!$E:$E,AE16),"V",IF(INDEX(Partidos!$F:$F,AE16)=INDEX(Partidos!$E:$E,AE16),"E","P")))) | AK16: =IF(AF16="","",IF(INDEX(Partidos!$C:$C,AF16)=$N16,IF(INDEX(Partidos!$E:$E,AF16)>INDEX(Partidos!$F:$F,AF16),"V",IF(INDEX(Partidos!$E:$E,AF16)=INDEX(Partidos!$F:$F,AF16),"E","P")),IF(INDEX(Partidos!$F:$F,AF16)>INDEX(Partidos!$E:$E,AF16),"V",IF(INDEX(Partidos!$F:$F,AF16)=INDEX(Partidos!$E:$E,AF16),"E","P")))) | AL16: =IF(AG16="","",IF(INDEX(Partidos!$C:$C,AG16)=$N16,IF(INDEX(Partidos!$E:$E,AG16)>INDEX(Partidos!$F:$F,AG16),"V",IF(INDEX(Partidos!$E:$E,AG16)=INDEX(Partidos!$F:$F,AG16),"E","P")),IF(INDEX(Partidos!$F:$F,AG16)>INDEX(Partidos!$E:$E,AG16),"V",IF(INDEX(Partidos!$F:$F,AG16)=INDEX(Partidos!$E:$E,AG16),"E","P")))) | AM16: =IF(AH16="","",IF(INDEX(Partidos!$C:$C,AH16)=$N16,IF(INDEX(Partidos!$E:$E,AH16)>INDEX(Partidos!$F:$F,AH16),"V",IF(INDEX(Partidos!$E:$E,AH16)=INDEX(Partidos!$F:$F,AH16),"E","P")),IF(INDEX(Partidos!$F:$F,AH16)>INDEX(Partidos!$E:$E,AH16),"V",IF(INDEX(Partidos!$F:$F,AH16)=INDEX(Partidos!$E:$E,AH16),"E","P")))) -> P | AN16: =IF(N16="","",_xlfn.TEXTJOIN("-",TRUE(),AI16:AM16)) -> P | AO16: =IF(N16="","",RANK(S16,$S$2:$S$61,0)) -> 15 | AP16: =IF(AO16=1,SUMPRODUCT(($AO$2:AO16=1)*1),"") | AQ16: =IF(AO16=1,"GF|"&AP16,"") | AR16: =IF(N16="","",RANK(T16,$T$2:$T$61,1)) -> 9 | AS16: =IF(AR16=1,SUMPRODUCT(($AR$2:AR16=1)*1),"") | AT16: =IF(AR16=1,"GC|"&AS16,"")
A17: =IF(COUNT($X$2:$X$61)>=16,16,"") -> 16 | B17: =IF($A17="","",INDEX($N$2:$N$61,MATCH($A17,$X$2:$X$61,0))) -> Tigres UANL | C17: =IF($A17="","",INDEX($O$2:$O$61,MATCH($A17,$X$2:$X$61,0))) -> 1 | D17: =IF($A17="","",INDEX($P$2:$P$61,MATCH($A17,$X$2:$X$61,0))) -> 0 | E17: =IF($A17="","",INDEX($Q$2:$Q$61,MATCH($A17,$X$2:$X$61,0))) -> 0 | F17: =IF($A17="","",INDEX($R$2:$R$61,MATCH($A17,$X$2:$X$61,0))) -> 1 | G17: =IF($A17="","",INDEX($S$2:$S$61,MATCH($A17,$X$2:$X$61,0))) -> 1 | H17: =IF($A17="","",INDEX($T$2:$T$61,MATCH($A17,$X$2:$X$61,0))) -> 3 | I17: =IF($A17="","",INDEX($U$2:$U$61,MATCH($A17,$X$2:$X$61,0))) -> -2 | J17: =IF($A17="","",INDEX($V$2:$V$61,MATCH($A17,$X$2:$X$61,0))) -> 0 | K17: =IF($A17="","",INDEX($AN$2:$AN$61,MATCH($A17,$X$2:$X$61,0))) -> P | N17: =IFERROR(INDEX(Partidos!$C$2:$C$1401,MATCH("TEAM|16",Partidos!$AE$2:$AE$1401,0)),IFERROR(INDEX(Partidos!$D$2:$D$1401,MATCH("TEAM|16",Partidos!$AF$2:$AF$1401,0)),"")) -> Toluca | O17: =IF(N17="","",COUNTIF(Partidos!$C$2:$C$1401,N17)+COUNTIF(Partidos!$D$2:$D$1401,N17)) -> 1 | P17: =IF(N17="","",SUMPRODUCT((Partidos!$C$2:$C$1401=N17)*(Partidos!$E$2:$E$1401>Partidos!$F$2:$F$1401))+SUMPRODUCT((Partidos!$D$2:$D$1401=N17)*(Partidos!$F$2:$F$1401>Partidos!$E$2:$E$1401))) -> 1 | Q17: =IF(N17="","",SUMPRODUCT((((Partidos!$C$2:$C$1401=N17)+(Partidos!$D$2:$D$1401=N17)))*(Partidos!$E$2:$E$1401=Partidos!$F$2:$F$1401)*(Partidos!$C$2:$C$1401<>""))) -> 0 | R17: =IF(N17="","",O17-P17-Q17) -> 0 | S17: =IF(N17="","",SUMIF(Partidos!$C$2:$C$1401,N17,Partidos!$E$2:$E$1401)+SUMIF(Partidos!$D$2:$D$1401,N17,Partidos!$F$2:$F$1401)) -> 2 | T17: =IF(N17="","",SUMIF(Partidos!$C$2:$C$1401,N17,Partidos!$F$2:$F$1401)+SUMIF(Partidos!$D$2:$D$1401,N17,Partidos!$E$2:$E$1401)) -> 0 | U17: =IF(N17="","",S17-T17) -> 2 | V17: =IF(N17="","",P17*3+Q17) -> 3 | W17: =IF(N17="","",V17*1000000+U17*1000+S17+(ROW()*0.0000001)) -> 3002002 | X17: =IF(N17="","",RANK(W17,$W$2:$W$61)) -> 3 | Y17: =IF(N17="","",O17-4) -> -3 | Z17: =IF(N17="","",O17-3) -> -2 | AA17: =IF(N17="","",O17-2) -> -1 | AB17: =IF(N17="","",O17-1) -> 0 | AC17: =IF(N17="","",O17-0) -> 1 | AD17: =IF(OR(N17="",Y17=""),"",IF(Y17<1,"",IFERROR(MATCH($N17&"|"&Y17,Partidos!$Y:$Y,0),IFERROR(MATCH($N17&"|"&Y17,Partidos!$Z:$Z,0),"")))) | AE17: =IF(OR(N17="",Z17=""),"",IF(Z17<1,"",IFERROR(MATCH($N17&"|"&Z17,Partidos!$Y:$Y,0),IFERROR(MATCH($N17&"|"&Z17,Partidos!$Z:$Z,0),"")))) | AF17: =IF(OR(N17="",AA17=""),"",IF(AA17<1,"",IFERROR(MATCH($N17&"|"&AA17,Partidos!$Y:$Y,0),IFERROR(MATCH($N17&"|"&AA17,Partidos!$Z:$Z,0),"")))) | AG17: =IF(OR(N17="",AB17=""),"",IF(AB17<1,"",IFERROR(MATCH($N17&"|"&AB17,Partidos!$Y:$Y,0),IFERROR(MATCH($N17&"|"&AB17,Partidos!$Z:$Z,0),"")))) | AH17: =IF(OR(N17="",AC17=""),"",IF(AC17<1,"",IFERROR(MATCH($N17&"|"&AC17,Partidos!$Y:$Y,0),IFERROR(MATCH($N17&"|"&AC17,Partidos!$Z:$Z,0),"")))) -> 9 | AI17: =IF(AD17="","",IF(INDEX(Partidos!$C:$C,AD17)=$N17,IF(INDEX(Partidos!$E:$E,AD17)>INDEX(Partidos!$F:$F,AD17),"V",IF(INDEX(Partidos!$E:$E,AD17)=INDEX(Partidos!$F:$F,AD17),"E","P")),IF(INDEX(Partidos!$F:$F,AD17)>INDEX(Partidos!$E:$E,AD17),"V",IF(INDEX(Partidos!$F:$F,AD17)=INDEX(Partidos!$E:$E,AD17),"E","P")))) | AJ17: =IF(AE17="","",IF(INDEX(Partidos!$C:$C,AE17)=$N17,IF(INDEX(Partidos!$E:$E,AE17)>INDEX(Partidos!$F:$F,AE17),"V",IF(INDEX(Partidos!$E:$E,AE17)=INDEX(Partidos!$F:$F,AE17),"E","P")),IF(INDEX(Partidos!$F:$F,AE17)>INDEX(Partidos!$E:$E,AE17),"V",IF(INDEX(Partidos!$F:$F,AE17)=INDEX(Partidos!$E:$E,AE17),"E","P")))) | AK17: =IF(AF17="","",IF(INDEX(Partidos!$C:$C,AF17)=$N17,IF(INDEX(Partidos!$E:$E,AF17)>INDEX(Partidos!$F:$F,AF17),"V",IF(INDEX(Partidos!$E:$E,AF17)=INDEX(Partidos!$F:$F,AF17),"E","P")),IF(INDEX(Partidos!$F:$F,AF17)>INDEX(Partidos!$E:$E,AF17),"V",IF(INDEX(Partidos!$F:$F,AF17)=INDEX(Partidos!$E:$E,AF17),"E","P")))) | AL17: =IF(AG17="","",IF(INDEX(Partidos!$C:$C,AG17)=$N17,IF(INDEX(Partidos!$E:$E,AG17)>INDEX(Partidos!$F:$F,AG17),"V",IF(INDEX(Partidos!$E:$E,AG17)=INDEX(Partidos!$F:$F,AG17),"E","P")),IF(INDEX(Partidos!$F:$F,AG17)>INDEX(Partidos!$E:$E,AG17),"V",IF(INDEX(Partidos!$F:$F,AG17)=INDEX(Partidos!$E:$E,AG17),"E","P")))) | AM17: =IF(AH17="","",IF(INDEX(Partidos!$C:$C,AH17)=$N17,IF(INDEX(Partidos!$E:$E,AH17)>INDEX(Partidos!$F:$F,AH17),"V",IF(INDEX(Partidos!$E:$E,AH17)=INDEX(Partidos!$F:$F,AH17),"E","P")),IF(INDEX(Partidos!$F:$F,AH17)>INDEX(Partidos!$E:$E,AH17),"V",IF(INDEX(Partidos!$F:$F,AH17)=INDEX(Partidos!$E:$E,AH17),"E","P")))) -> V | AN17: =IF(N17="","",_xlfn.TEXTJOIN("-",TRUE(),AI17:AM17)) -> V | AO17: =IF(N17="","",RANK(S17,$S$2:$S$61,0)) -> 6 | AP17: =IF(AO17=1,SUMPRODUCT(($AO$2:AO17=1)*1),"") | AQ17: =IF(AO17=1,"GF|"&AP17,"") | AR17: =IF(N17="","",RANK(T17,$T$2:$T$61,1)) -> 1 | AS17: =IF(AR17=1,SUMPRODUCT(($AR$2:AR17=1)*1),"") -> 3 | AT17: =IF(AR17=1,"GC|"&AS17,"") -> GC|3
A18: =IF(COUNT($X$2:$X$61)>=17,17,"") -> 17 | B18: =IF($A18="","",INDEX($N$2:$N$61,MATCH($A18,$X$2:$X$61,0))) -> Guadalajara | C18: =IF($A18="","",INDEX($O$2:$O$61,MATCH($A18,$X$2:$X$61,0))) -> 1 | D18: =IF($A18="","",INDEX($P$2:$P$61,MATCH($A18,$X$2:$X$61,0))) -> 0 | E18: =IF($A18="","",INDEX($Q$2:$Q$61,MATCH($A18,$X$2:$X$61,0))) -> 0 | F18: =IF($A18="","",INDEX($R$2:$R$61,MATCH($A18,$X$2:$X$61,0))) -> 1 | G18: =IF($A18="","",INDEX($S$2:$S$61,MATCH($A18,$X$2:$X$61,0))) -> 0 | H18: =IF($A18="","",INDEX($T$2:$T$61,MATCH($A18,$X$2:$X$61,0))) -> 2 | I18: =IF($A18="","",INDEX($U$2:$U$61,MATCH($A18,$X$2:$X$61,0))) -> -2 | J18: =IF($A18="","",INDEX($V$2:$V$61,MATCH($A18,$X$2:$X$61,0))) -> 0 | K18: =IF($A18="","",INDEX($AN$2:$AN$61,MATCH($A18,$X$2:$X$61,0))) -> P | N18: =IFERROR(INDEX(Partidos!$C$2:$C$1401,MATCH("TEAM|17",Partidos!$AE$2:$AE$1401,0)),IFERROR(INDEX(Partidos!$D$2:$D$1401,MATCH("TEAM|17",Partidos!$AF$2:$AF$1401,0)),"")) -> Querétaro | O18: =IF(N18="","",COUNTIF(Partidos!$C$2:$C$1401,N18)+COUNTIF(Partidos!$D$2:$D$1401,N18)) -> 1 | P18: =IF(N18="","",SUMPRODUCT((Partidos!$C$2:$C$1401=N18)*(Partidos!$E$2:$E$1401>Partidos!$F$2:$F$1401))+SUMPRODUCT((Partidos!$D$2:$D$1401=N18)*(Partidos!$F$2:$F$1401>Partidos!$E$2:$E$1401))) -> 0 | Q18: =IF(N18="","",SUMPRODUCT((((Partidos!$C$2:$C$1401=N18)+(Partidos!$D$2:$D$1401=N18)))*(Partidos!$E$2:$E$1401=Partidos!$F$2:$F$1401)*(Partidos!$C$2:$C$1401<>""))) -> 0 | R18: =IF(N18="","",O18-P18-Q18) -> 1 | S18: =IF(N18="","",SUMIF(Partidos!$C$2:$C$1401,N18,Partidos!$E$2:$E$1401)+SUMIF(Partidos!$D$2:$D$1401,N18,Partidos!$F$2:$F$1401)) -> 0 | T18: =IF(N18="","",SUMIF(Partidos!$C$2:$C$1401,N18,Partidos!$F$2:$F$1401)+SUMIF(Partidos!$D$2:$D$1401,N18,Partidos!$E$2:$E$1401)) -> 1 | U18: =IF(N18="","",S18-T18) -> -1 | V18: =IF(N18="","",P18*3+Q18) -> 0 | W18: =IF(N18="","",V18*1000000+U18*1000+S18+(ROW()*0.0000001)) -> -1000 | X18: =IF(N18="","",RANK(W18,$W$2:$W$61)) -> 14 | Y18: =IF(N18="","",O18-4) -> -3 | Z18: =IF(N18="","",O18-3) -> -2 | AA18: =IF(N18="","",O18-2) -> -1 | AB18: =IF(N18="","",O18-1) -> 0 | AC18: =IF(N18="","",O18-0) -> 1 | AD18: =IF(OR(N18="",Y18=""),"",IF(Y18<1,"",IFERROR(MATCH($N18&"|"&Y18,Partidos!$Y:$Y,0),IFERROR(MATCH($N18&"|"&Y18,Partidos!$Z:$Z,0),"")))) | AE18: =IF(OR(N18="",Z18=""),"",IF(Z18<1,"",IFERROR(MATCH($N18&"|"&Z18,Partidos!$Y:$Y,0),IFERROR(MATCH($N18&"|"&Z18,Partidos!$Z:$Z,0),"")))) | AF18: =IF(OR(N18="",AA18=""),"",IF(AA18<1,"",IFERROR(MATCH($N18&"|"&AA18,Partidos!$Y:$Y,0),IFERROR(MATCH($N18&"|"&AA18,Partidos!$Z:$Z,0),"")))) | AG18: =IF(OR(N18="",AB18=""),"",IF(AB18<1,"",IFERROR(MATCH($N18&"|"&AB18,Partidos!$Y:$Y,0),IFERROR(MATCH($N18&"|"&AB18,Partidos!$Z:$Z,0),"")))) | AH18: =IF(OR(N18="",AC18=""),"",IF(AC18<1,"",IFERROR(MATCH($N18&"|"&AC18,Partidos!$Y:$Y,0),IFERROR(MATCH($N18&"|"&AC18,Partidos!$Z:$Z,0),"")))) -> 10 | AI18: =IF(AD18="","",IF(INDEX(Partidos!$C:$C,AD18)=$N18,IF(INDEX(Partidos!$E:$E,AD18)>INDEX(Partidos!$F:$F,AD18),"V",IF(INDEX(Partidos!$E:$E,AD18)=INDEX(Partidos!$F:$F,AD18),"E","P")),IF(INDEX(Partidos!$F:$F,AD18)>INDEX(Partidos!$E:$E,AD18),"V",IF(INDEX(Partidos!$F:$F,AD18)=INDEX(Partidos!$E:$E,AD18),"E","P")))) | AJ18: =IF(AE18="","",IF(INDEX(Partidos!$C:$C,AE18)=$N18,IF(INDEX(Partidos!$E:$E,AE18)>INDEX(Partidos!$F:$F,AE18),"V",IF(INDEX(Partidos!$E:$E,AE18)=INDEX(Partidos!$F:$F,AE18),"E","P")),IF(INDEX(Partidos!$F:$F,AE18)>INDEX(Partidos!$E:$E,AE18),"V",IF(INDEX(Partidos!$F:$F,AE18)=INDEX(Partidos!$E:$E,AE18),"E","P")))) | AK18: =IF(AF18="","",IF(INDEX(Partidos!$C:$C,AF18)=$N18,IF(INDEX(Partidos!$E:$E,AF18)>INDEX(Partidos!$F:$F,AF18),"V",IF(INDEX(Partidos!$E:$E,AF18)=INDEX(Partidos!$F:$F,AF18),"E","P")),IF(INDEX(Partidos!$F:$F,AF18)>INDEX(Partidos!$E:$E,AF18),"V",IF(INDEX(Partidos!$F:$F,AF18)=INDEX(Partidos!$E:$E,AF18),"E","P")))) | AL18: =IF(AG18="","",IF(INDEX(Partidos!$C:$C,AG18)=$N18,IF(INDEX(Partidos!$E:$E,AG18)>INDEX(Partidos!$F:$F,AG18),"V",IF(INDEX(Partidos!$E:$E,AG18)=INDEX(Partidos!$F:$F,AG18),"E","P")),IF(INDEX(Partidos!$F:$F,AG18)>INDEX(Partidos!$E:$E,AG18),"V",IF(INDEX(Partidos!$F:$F,AG18)=INDEX(Partidos!$E:$E,AG18),"E","P")))) | AM18: =IF(AH18="","",IF(INDEX(Partidos!$C:$C,AH18)=$N18,IF(INDEX(Partidos!$E:$E,AH18)>INDEX(Partidos!$F:$F,AH18),"V",IF(INDEX(Partidos!$E:$E,AH18)=INDEX(Partidos!$F:$F,AH18),"E","P")),IF(INDEX(Partidos!$F:$F,AH18)>INDEX(Partidos!$E:$E,AH18),"V",IF(INDEX(Partidos!$F:$F,AH18)=INDEX(Partidos!$E:$E,AH18),"E","P")))) -> P | AN18: =IF(N18="","",_xlfn.TEXTJOIN("-",TRUE(),AI18:AM18)) -> P | AO18: =IF(N18="","",RANK(S18,$S$2:$S$61,0)) -> 15 | AP18: =IF(AO18=1,SUMPRODUCT(($AO$2:AO18=1)*1),"") | AQ18: =IF(AO18=1,"GF|"&AP18,"") | AR18: =IF(N18="","",RANK(T18,$T$2:$T$61,1)) -> 5 | AS18: =IF(AR18=1,SUMPRODUCT(($AR$2:AR18=1)*1),"") | AT18: =IF(AR18=1,"GC|"&AS18,"")
A19: =IF(COUNT($X$2:$X$61)>=18,18,"") -> 18 | B19: =IF($A19="","",INDEX($N$2:$N$61,MATCH($A19,$X$2:$X$61,0))) -> Pumas UNAM | C19: =IF($A19="","",INDEX($O$2:$O$61,MATCH($A19,$X$2:$X$61,0))) -> 1 | D19: =IF($A19="","",INDEX($P$2:$P$61,MATCH($A19,$X$2:$X$61,0))) -> 0 | E19: =IF($A19="","",INDEX($Q$2:$Q$61,MATCH($A19,$X$2:$X$61,0))) -> 0 | F19: =IF($A19="","",INDEX($R$2:$R$61,MATCH($A19,$X$2:$X$61,0))) -> 1 | G19: =IF($A19="","",INDEX($S$2:$S$61,MATCH($A19,$X$2:$X$61,0))) -> 0 | H19: =IF($A19="","",INDEX($T$2:$T$61,MATCH($A19,$X$2:$X$61,0))) -> 3 | I19: =IF($A19="","",INDEX($U$2:$U$61,MATCH($A19,$X$2:$X$61,0))) -> -3 | J19: =IF($A19="","",INDEX($V$2:$V$61,MATCH($A19,$X$2:$X$61,0))) -> 0 | K19: =IF($A19="","",INDEX($AN$2:$AN$61,MATCH($A19,$X$2:$X$61,0))) -> P | N19: =IFERROR(INDEX(Partidos!$C$2:$C$1401,MATCH("TEAM|18",Partidos!$AE$2:$AE$1401,0)),IFERROR(INDEX(Partidos!$D$2:$D$1401,MATCH("TEAM|18",Partidos!$AF$2:$AF$1401,0)),"")) -> Club América | O19: =IF(N19="","",COUNTIF(Partidos!$C$2:$C$1401,N19)+COUNTIF(Partidos!$D$2:$D$1401,N19)) -> 1 | P19: =IF(N19="","",SUMPRODUCT((Partidos!$C$2:$C$1401=N19)*(Partidos!$E$2:$E$1401>Partidos!$F$2:$F$1401))+SUMPRODUCT((Partidos!$D$2:$D$1401=N19)*(Partidos!$F$2:$F$1401>Partidos!$E$2:$E$1401))) -> 1 | Q19: =IF(N19="","",SUMPRODUCT((((Partidos!$C$2:$C$1401=N19)+(Partidos!$D$2:$D$1401=N19)))*(Partidos!$E$2:$E$1401=Partidos!$F$2:$F$1401)*(Partidos!$C$2:$C$1401<>""))) -> 0 | R19: =IF(N19="","",O19-P19-Q19) -> 0 | S19: =IF(N19="","",SUMIF(Partidos!$C$2:$C$1401,N19,Partidos!$E$2:$E$1401)+SUMIF(Partidos!$D$2:$D$1401,N19,Partidos!$F$2:$F$1401)) -> 1 | T19: =IF(N19="","",SUMIF(Partidos!$C$2:$C$1401,N19,Partidos!$F$2:$F$1401)+SUMIF(Partidos!$D$2:$D$1401,N19,Partidos!$E$2:$E$1401)) -> 0 | U19: =IF(N19="","",S19-T19) -> 1 | V19: =IF(N19="","",P19*3+Q19) -> 3 | W19: =IF(N19="","",V19*1000000+U19*1000+S19+(ROW()*0.0000001)) -> 3001001 | X19: =IF(N19="","",RANK(W19,$W$2:$W$61)) -> 8 | Y19: =IF(N19="","",O19-4) -> -3 | Z19: =IF(N19="","",O19-3) -> -2 | AA19: =IF(N19="","",O19-2) -> -1 | AB19: =IF(N19="","",O19-1) -> 0 | AC19: =IF(N19="","",O19-0) -> 1 | AD19: =IF(OR(N19="",Y19=""),"",IF(Y19<1,"",IFERROR(MATCH($N19&"|"&Y19,Partidos!$Y:$Y,0),IFERROR(MATCH($N19&"|"&Y19,Partidos!$Z:$Z,0),"")))) | AE19: =IF(OR(N19="",Z19=""),"",IF(Z19<1,"",IFERROR(MATCH($N19&"|"&Z19,Partidos!$Y:$Y,0),IFERROR(MATCH($N19&"|"&Z19,Partidos!$Z:$Z,0),"")))) | AF19: =IF(OR(N19="",AA19=""),"",IF(AA19<1,"",IFERROR(MATCH($N19&"|"&AA19,Partidos!$Y:$Y,0),IFERROR(MATCH($N19&"|"&AA19,Partidos!$Z:$Z,0),"")))) | AG19: =IF(OR(N19="",AB19=""),"",IF(AB19<1,"",IFERROR(MATCH($N19&"|"&AB19,Partidos!$Y:$Y,0),IFERROR(MATCH($N19&"|"&AB19,Partidos!$Z:$Z,0),"")))) | AH19: =IF(OR(N19="",AC19=""),"",IF(AC19<1,"",IFERROR(MATCH($N19&"|"&AC19,Partidos!$Y:$Y,0),IFERROR(MATCH($N19&"|"&AC19,Partidos!$Z:$Z,0),"")))) -> 10 | AI19: =IF(AD19="","",IF(INDEX(Partidos!$C:$C,AD19)=$N19,IF(INDEX(Partidos!$E:$E,AD19)>INDEX(Partidos!$F:$F,AD19),"V",IF(INDEX(Partidos!$E:$E,AD19)=INDEX(Partidos!$F:$F,AD19),"E","P")),IF(INDEX(Partidos!$F:$F,AD19)>INDEX(Partidos!$E:$E,AD19),"V",IF(INDEX(Partidos!$F:$F,AD19)=INDEX(Partidos!$E:$E,AD19),"E","P")))) | AJ19: =IF(AE19="","",IF(INDEX(Partidos!$C:$C,AE19)=$N19,IF(INDEX(Partidos!$E:$E,AE19)>INDEX(Partidos!$F:$F,AE19),"V",IF(INDEX(Partidos!$E:$E,AE19)=INDEX(Partidos!$F:$F,AE19),"E","P")),IF(INDEX(Partidos!$F:$F,AE19)>INDEX(Partidos!$E:$E,AE19),"V",IF(INDEX(Partidos!$F:$F,AE19)=INDEX(Partidos!$E:$E,AE19),"E","P")))) | AK19: =IF(AF19="","",IF(INDEX(Partidos!$C:$C,AF19)=$N19,IF(INDEX(Partidos!$E:$E,AF19)>INDEX(Partidos!$F:$F,AF19),"V",IF(INDEX(Partidos!$E:$E,AF19)=INDEX(Partidos!$F:$F,AF19),"E","P")),IF(INDEX(Partidos!$F:$F,AF19)>INDEX(Partidos!$E:$E,AF19),"V",IF(INDEX(Partidos!$F:$F,AF19)=INDEX(Partidos!$E:$E,AF19),"E","P")))) | AL19: =IF(AG19="","",IF(INDEX(Partidos!$C:$C,AG19)=$N19,IF(INDEX(Partidos!$E:$E,AG19)>INDEX(Partidos!$F:$F,AG19),"V",IF(INDEX(Partidos!$E:$E,AG19)=INDEX(Partidos!$F:$F,AG19),"E","P")),IF(INDEX(Partidos!$F:$F,AG19)>INDEX(Partidos!$E:$E,AG19),"V",IF(INDEX(Partidos!$F:$F,AG19)=INDEX(Partidos!$E:$E,AG19),"E","P")))) | AM19: =IF(AH19="","",IF(INDEX(Partidos!$C:$C,AH19)=$N19,IF(INDEX(Partidos!$E:$E,AH19)>INDEX(Partidos!$F:$F,AH19),"V",IF(INDEX(Partidos!$E:$E,AH19)=INDEX(Partidos!$F:$F,AH19),"E","P")),IF(INDEX(Partidos!$F:$F,AH19)>INDEX(Partidos!$E:$E,AH19),"V",IF(INDEX(Partidos!$F:$F,AH19)=INDEX(Partidos!$E:$E,AH19),"E","P")))) -> V | AN19: =IF(N19="","",_xlfn.TEXTJOIN("-",TRUE(),AI19:AM19)) -> V | AO19: =IF(N19="","",RANK(S19,$S$2:$S$61,0)) -> 11 | AP19: =IF(AO19=1,SUMPRODUCT(($AO$2:AO19=1)*1),"") | AQ19: =IF(AO19=1,"GF|"&AP19,"") | AR19: =IF(N19="","",RANK(T19,$T$2:$T$61,1)) -> 1 | AS19: =IF(AR19=1,SUMPRODUCT(($AR$2:AR19=1)*1),"") -> 4 | AT19: =IF(AR19=1,"GC|"&AS19,"") -> GC|4
A20: =IF(COUNT($X$2:$X$61)>=19,19,"") | B20: =IF($A20="","",INDEX($N$2:$N$61,MATCH($A20,$X$2:$X$61,0))) | C20: =IF($A20="","",INDEX($O$2:$O$61,MATCH($A20,$X$2:$X$61,0))) | D20: =IF($A20="","",INDEX($P$2:$P$61,MATCH($A20,$X$2:$X$61,0))) | E20: =IF($A20="","",INDEX($Q$2:$Q$61,MATCH($A20,$X$2:$X$61,0))) | F20: =IF($A20="","",INDEX($R$2:$R$61,MATCH($A20,$X$2:$X$61,0))) | G20: =IF($A20="","",INDEX($S$2:$S$61,MATCH($A20,$X$2:$X$61,0))) | H20: =IF($A20="","",INDEX($T$2:$T$61,MATCH($A20,$X$2:$X$61,0))) | I20: =IF($A20="","",INDEX($U$2:$U$61,MATCH($A20,$X$2:$X$61,0))) | J20: =IF($A20="","",INDEX($V$2:$V$61,MATCH($A20,$X$2:$X$61,0))) | K20: =IF($A20="","",INDEX($AN$2:$AN$61,MATCH($A20,$X$2:$X$61,0))) | N20: =IFERROR(INDEX(Partidos!$C$2:$C$1401,MATCH("TEAM|19",Partidos!$AE$2:$AE$1401,0)),IFERROR(INDEX(Partidos!$D$2:$D$1401,MATCH("TEAM|19",Partidos!$AF$2:$AF$1401,0)),"")) | O20: =IF(N20="","",COUNTIF(Partidos!$C$2:$C$1401,N20)+COUNTIF(Partidos!$D$2:$D$1401,N20)) | P20: =IF(N20="","",SUMPRODUCT((Partidos!$C$2:$C$1401=N20)*(Partidos!$E$2:$E$1401>Partidos!$F$2:$F$1401))+SUMPRODUCT((Partidos!$D$2:$D$1401=N20)*(Partidos!$F$2:$F$1401>Partidos!$E$2:$E$1401))) | Q20: =IF(N20="","",SUMPRODUCT((((Partidos!$C$2:$C$1401=N20)+(Partidos!$D$2:$D$1401=N20)))*(Partidos!$E$2:$E$1401=Partidos!$F$2:$F$1401)*(Partidos!$C$2:$C$1401<>""))) | R20: =IF(N20="","",O20-P20-Q20) | S20: =IF(N20="","",SUMIF(Partidos!$C$2:$C$1401,N20,Partidos!$E$2:$E$1401)+SUMIF(Partidos!$D$2:$D$1401,N20,Partidos!$F$2:$F$1401)) | T20: =IF(N20="","",SUMIF(Partidos!$C$2:$C$1401,N20,Partidos!$F$2:$F$1401)+SUMIF(Partidos!$D$2:$D$1401,N20,Partidos!$E$2:$E$1401)) | U20: =IF(N20="","",S20-T20) | V20: =IF(N20="","",P20*3+Q20) | W20: =IF(N20="","",V20*1000000+U20*1000+S20+(ROW()*0.0000001)) | X20: =IF(N20="","",RANK(W20,$W$2:$W$61)) | Y20: =IF(N20="","",O20-4) | Z20: =IF(N20="","",O20-3) | AA20: =IF(N20="","",O20-2) | AB20: =IF(N20="","",O20-1) | AC20: =IF(N20="","",O20-0) | AD20: =IF(OR(N20="",Y20=""),"",IF(Y20<1,"",IFERROR(MATCH($N20&"|"&Y20,Partidos!$Y:$Y,0),IFERROR(MATCH($N20&"|"&Y20,Partidos!$Z:$Z,0),"")))) | AE20: =IF(OR(N20="",Z20=""),"",IF(Z20<1,"",IFERROR(MATCH($N20&"|"&Z20,Partidos!$Y:$Y,0),IFERROR(MATCH($N20&"|"&Z20,Partidos!$Z:$Z,0),"")))) | AF20: =IF(OR(N20="",AA20=""),"",IF(AA20<1,"",IFERROR(MATCH($N20&"|"&AA20,Partidos!$Y:$Y,0),IFERROR(MATCH($N20&"|"&AA20,Partidos!$Z:$Z,0),"")))) | AG20: =IF(OR(N20="",AB20=""),"",IF(AB20<1,"",IFERROR(MATCH($N20&"|"&AB20,Partidos!$Y:$Y,0),IFERROR(MATCH($N20&"|"&AB20,Partidos!$Z:$Z,0),"")))) | AH20: =IF(OR(N20="",AC20=""),"",IF(AC20<1,"",IFERROR(MATCH($N20&"|"&AC20,Partidos!$Y:$Y,0),IFERROR(MATCH($N20&"|"&AC20,Partidos!$Z:$Z,0),"")))) | AI20: =IF(AD20="","",IF(INDEX(Partidos!$C:$C,AD20)=$N20,IF(INDEX(Partidos!$E:$E,AD20)>INDEX(Partidos!$F:$F,AD20),"V",IF(INDEX(Partidos!$E:$E,AD20)=INDEX(Partidos!$F:$F,AD20),"E","P")),IF(INDEX(Partidos!$F:$F,AD20)>INDEX(Partidos!$E:$E,AD20),"V",IF(INDEX(Partidos!$F:$F,AD20)=INDEX(Partidos!$E:$E,AD20),"E","P")))) | AJ20: =IF(AE20="","",IF(INDEX(Partidos!$C:$C,AE20)=$N20,IF(INDEX(Partidos!$E:$E,AE20)>INDEX(Partidos!$F:$F,AE20),"V",IF(INDEX(Partidos!$E:$E,AE20)=INDEX(Partidos!$F:$F,AE20),"E","P")),IF(INDEX(Partidos!$F:$F,AE20)>INDEX(Partidos!$E:$E,AE20),"V",IF(INDEX(Partidos!$F:$F,AE20)=INDEX(Partidos!$E:$E,AE20),"E","P")))) | AK20: =IF(AF20="","",IF(INDEX(Partidos!$C:$C,AF20)=$N20,IF(INDEX(Partidos!$E:$E,AF20)>INDEX(Partidos!$F:$F,AF20),"V",IF(INDEX(Partidos!$E:$E,AF20)=INDEX(Partidos!$F:$F,AF20),"E","P")),IF(INDEX(Partidos!$F:$F,AF20)>INDEX(Partidos!$E:$E,AF20),"V",IF(INDEX(Partidos!$F:$F,AF20)=INDEX(Partidos!$E:$E,AF20),"E","P")))) | AL20: =IF(AG20="","",IF(INDEX(Partidos!$C:$C,AG20)=$N20,IF(INDEX(Partidos!$E:$E,AG20)>INDEX(Partidos!$F:$F,AG20),"V",IF(INDEX(Partidos!$E:$E,AG20)=INDEX(Partidos!$F:$F,AG20),"E","P")),IF(INDEX(Partidos!$F:$F,AG20)>INDEX(Partidos!$E:$E,AG20),"V",IF(INDEX(Partidos!$F:$F,AG20)=INDEX(Partidos!$E:$E,AG20),"E","P")))) | AM20: =IF(AH20="","",IF(INDEX(Partidos!$C:$C,AH20)=$N20,IF(INDEX(Partidos!$E:$E,AH20)>INDEX(Partidos!$F:$F,AH20),"V",IF(INDEX(Partidos!$E:$E,AH20)=INDEX(Partidos!$F:$F,AH20),"E","P")),IF(INDEX(Partidos!$F:$F,AH20)>INDEX(Partidos!$E:$E,AH20),"V",IF(INDEX(Partidos!$F:$F,AH20)=INDEX(Partidos!$E:$E,AH20),"E","P")))) | AN20: =IF(N20="","",_xlfn.TEXTJOIN("-",TRUE(),AI20:AM20)) | AO20: =IF(N20="","",RANK(S20,$S$2:$S$61,0)) | AP20: =IF(AO20=1,SUMPRODUCT(($AO$2:AO20=1)*1),"") | AQ20: =IF(AO20=1,"GF|"&AP20,"") | AR20: =IF(N20="","",RANK(T20,$T$2:$T$61,1)) | AS20: =IF(AR20=1,SUMPRODUCT(($AR$2:AR20=1)*1),"") | AT20: =IF(AR20=1,"GC|"&AS20,"")
A21: =IF(COUNT($X$2:$X$61)>=20,20,"") | B21: =IF($A21="","",INDEX($N$2:$N$61,MATCH($A21,$X$2:$X$61,0))) | C21: =IF($A21="","",INDEX($O$2:$O$61,MATCH($A21,$X$2:$X$61,0))) | D21: =IF($A21="","",INDEX($P$2:$P$61,MATCH($A21,$X$2:$X$61,0))) | E21: =IF($A21="","",INDEX($Q$2:$Q$61,MATCH($A21,$X$2:$X$61,0))) | F21: =IF($A21="","",INDEX($R$2:$R$61,MATCH($A21,$X$2:$X$61,0))) | G21: =IF($A21="","",INDEX($S$2:$S$61,MATCH($A21,$X$2:$X$61,0))) | H21: =IF($A21="","",INDEX($T$2:$T$61,MATCH($A21,$X$2:$X$61,0))) | I21: =IF($A21="","",INDEX($U$2:$U$61,MATCH($A21,$X$2:$X$61,0))) | J21: =IF($A21="","",INDEX($V$2:$V$61,MATCH($A21,$X$2:$X$61,0))) | K21: =IF($A21="","",INDEX($AN$2:$AN$61,MATCH($A21,$X$2:$X$61,0))) | N21: =IFERROR(INDEX(Partidos!$C$2:$C$1401,MATCH("TEAM|20",Partidos!$AE$2:$AE$1401,0)),IFERROR(INDEX(Partidos!$D$2:$D$1401,MATCH("TEAM|20",Partidos!$AF$2:$AF$1401,0)),"")) | O21: =IF(N21="","",COUNTIF(Partidos!$C$2:$C$1401,N21)+COUNTIF(Partidos!$D$2:$D$1401,N21)) | P21: =IF(N21="","",SUMPRODUCT((Partidos!$C$2:$C$1401=N21)*(Partidos!$E$2:$E$1401>Partidos!$F$2:$F$1401))+SUMPRODUCT((Partidos!$D$2:$D$1401=N21)*(Partidos!$F$2:$F$1401>Partidos!$E$2:$E$1401))) | Q21: =IF(N21="","",SUMPRODUCT((((Partidos!$C$2:$C$1401=N21)+(Partidos!$D$2:$D$1401=N21)))*(Partidos!$E$2:$E$1401=Partidos!$F$2:$F$1401)*(Partidos!$C$2:$C$1401<>""))) | R21: =IF(N21="","",O21-P21-Q21) | S21: =IF(N21="","",SUMIF(Partidos!$C$2:$C$1401,N21,Partidos!$E$2:$E$1401)+SUMIF(Partidos!$D$2:$D$1401,N21,Partidos!$F$2:$F$1401)) | T21: =IF(N21="","",SUMIF(Partidos!$C$2:$C$1401,N21,Partidos!$F$2:$F$1401)+SUMIF(Partidos!$D$2:$D$1401,N21,Partidos!$E$2:$E$1401)) | U21: =IF(N21="","",S21-T21) | V21: =IF(N21="","",P21*3+Q21) | W21: =IF(N21="","",V21*1000000+U21*1000+S21+(ROW()*0.0000001)) | X21: =IF(N21="","",RANK(W21,$W$2:$W$61)) | Y21: =IF(N21="","",O21-4) | Z21: =IF(N21="","",O21-3) | AA21: =IF(N21="","",O21-2) | AB21: =IF(N21="","",O21-1) | AC21: =IF(N21="","",O21-0) | AD21: =IF(OR(N21="",Y21=""),"",IF(Y21<1,"",IFERROR(MATCH($N21&"|"&Y21,Partidos!$Y:$Y,0),IFERROR(MATCH($N21&"|"&Y21,Partidos!$Z:$Z,0),"")))) | AE21: =IF(OR(N21="",Z21=""),"",IF(Z21<1,"",IFERROR(MATCH($N21&"|"&Z21,Partidos!$Y:$Y,0),IFERROR(MATCH($N21&"|"&Z21,Partidos!$Z:$Z,0),"")))) | AF21: =IF(OR(N21="",AA21=""),"",IF(AA21<1,"",IFERROR(MATCH($N21&"|"&AA21,Partidos!$Y:$Y,0),IFERROR(MATCH($N21&"|"&AA21,Partidos!$Z:$Z,0),"")))) | AG21: =IF(OR(N21="",AB21=""),"",IF(AB21<1,"",IFERROR(MATCH($N21&"|"&AB21,Partidos!$Y:$Y,0),IFERROR(MATCH($N21&"|"&AB21,Partidos!$Z:$Z,0),"")))) | AH21: =IF(OR(N21="",AC21=""),"",IF(AC21<1,"",IFERROR(MATCH($N21&"|"&AC21,Partidos!$Y:$Y,0),IFERROR(MATCH($N21&"|"&AC21,Partidos!$Z:$Z,0),"")))) | AI21: =IF(AD21="","",IF(INDEX(Partidos!$C:$C,AD21)=$N21,IF(INDEX(Partidos!$E:$E,AD21)>INDEX(Partidos!$F:$F,AD21),"V",IF(INDEX(Partidos!$E:$E,AD21)=INDEX(Partidos!$F:$F,AD21),"E","P")),IF(INDEX(Partidos!$F:$F,AD21)>INDEX(Partidos!$E:$E,AD21),"V",IF(INDEX(Partidos!$F:$F,AD21)=INDEX(Partidos!$E:$E,AD21),"E","P")))) | AJ21: =IF(AE21="","",IF(INDEX(Partidos!$C:$C,AE21)=$N21,IF(INDEX(Partidos!$E:$E,AE21)>INDEX(Partidos!$F:$F,AE21),"V",IF(INDEX(Partidos!$E:$E,AE21)=INDEX(Partidos!$F:$F,AE21),"E","P")),IF(INDEX(Partidos!$F:$F,AE21)>INDEX(Partidos!$E:$E,AE21),"V",IF(INDEX(Partidos!$F:$F,AE21)=INDEX(Partidos!$E:$E,AE21),"E","P")))) | AK21: =IF(AF21="","",IF(INDEX(Partidos!$C:$C,AF21)=$N21,IF(INDEX(Partidos!$E:$E,AF21)>INDEX(Partidos!$F:$F,AF21),"V",IF(INDEX(Partidos!$E:$E,AF21)=INDEX(Partidos!$F:$F,AF21),"E","P")),IF(INDEX(Partidos!$F:$F,AF21)>INDEX(Partidos!$E:$E,AF21),"V",IF(INDEX(Partidos!$F:$F,AF21)=INDEX(Partidos!$E:$E,AF21),"E","P")))) | AL21: =IF(AG21="","",IF(INDEX(Partidos!$C:$C,AG21)=$N21,IF(INDEX(Partidos!$E:$E,AG21)>INDEX(Partidos!$F:$F,AG21),"V",IF(INDEX(Partidos!$E:$E,AG21)=INDEX(Partidos!$F:$F,AG21),"E","P")),IF(INDEX(Partidos!$F:$F,AG21)>INDEX(Partidos!$E:$E,AG21),"V",IF(INDEX(Partidos!$F:$F,AG21)=INDEX(Partidos!$E:$E,AG21),"E","P")))) | AM21: =IF(AH21="","",IF(INDEX(Partidos!$C:$C,AH21)=$N21,IF(INDEX(Partidos!$E:$E,AH21)>INDEX(Partidos!$F:$F,AH21),"V",IF(INDEX(Partidos!$E:$E,AH21)=INDEX(Partidos!$F:$F,AH21),"E","P")),IF(INDEX(Partidos!$F:$F,AH21)>INDEX(Partidos!$E:$E,AH21),"V",IF(INDEX(Partidos!$F:$F,AH21)=INDEX(Partidos!$E:$E,AH21),"E","P")))) | AN21: =IF(N21="","",_xlfn.TEXTJOIN("-",TRUE(),AI21:AM21)) | AO21: =IF(N21="","",RANK(S21,$S$2:$S$61,0)) | AP21: =IF(AO21=1,SUMPRODUCT(($AO$2:AO21=1)*1),"") | AQ21: =IF(AO21=1,"GF|"&AP21,"") | AR21: =IF(N21="","",RANK(T21,$T$2:$T$61,1)) | AS21: =IF(AR21=1,SUMPRODUCT(($AR$2:AR21=1)*1),"") | AT21: =IF(AR21=1,"GC|"&AS21,"")
A22: =IF(COUNT($X$2:$X$61)>=21,21,"") | B22: =IF($A22="","",INDEX($N$2:$N$61,MATCH($A22,$X$2:$X$61,0))) | C22: =IF($A22="","",INDEX($O$2:$O$61,MATCH($A22,$X$2:$X$61,0))) | D22: =IF($A22="","",INDEX($P$2:$P$61,MATCH($A22,$X$2:$X$61,0))) | E22: =IF($A22="","",INDEX($Q$2:$Q$61,MATCH($A22,$X$2:$X$61,0))) | F22: =IF($A22="","",INDEX($R$2:$R$61,MATCH($A22,$X$2:$X$61,0))) | G22: =IF($A22="","",INDEX($S$2:$S$61,MATCH($A22,$X$2:$X$61,0))) | H22: =IF($A22="","",INDEX($T$2:$T$61,MATCH($A22,$X$2:$X$61,0))) | I22: =IF($A22="","",INDEX($U$2:$U$61,MATCH($A22,$X$2:$X$61,0))) | J22: =IF($A22="","",INDEX($V$2:$V$61,MATCH($A22,$X$2:$X$61,0))) | K22: =IF($A22="","",INDEX($AN$2:$AN$61,MATCH($A22,$X$2:$X$61,0))) | N22: =IFERROR(INDEX(Partidos!$C$2:$C$1401,MATCH("TEAM|21",Partidos!$AE$2:$AE$1401,0)),IFERROR(INDEX(Partidos!$D$2:$D$1401,MATCH("TEAM|21",Partidos!$AF$2:$AF$1401,0)),"")) | O22: =IF(N22="","",COUNTIF(Partidos!$C$2:$C$1401,N22)+COUNTIF(Partidos!$D$2:$D$1401,N22)) | P22: =IF(N22="","",SUMPRODUCT((Partidos!$C$2:$C$1401=N22)*(Partidos!$E$2:$E$1401>Partidos!$F$2:$F$1401))+SUMPRODUCT((Partidos!$D$2:$D$1401=N22)*(Partidos!$F$2:$F$1401>Partidos!$E$2:$E$1401))) | Q22: =IF(N22="","",SUMPRODUCT((((Partidos!$C$2:$C$1401=N22)+(Partidos!$D$2:$D$1401=N22)))*(Partidos!$E$2:$E$1401=Partidos!$F$2:$F$1401)*(Partidos!$C$2:$C$1401<>""))) | R22: =IF(N22="","",O22-P22-Q22) | S22: =IF(N22="","",SUMIF(Partidos!$C$2:$C$1401,N22,Partidos!$E$2:$E$1401)+SUMIF(Partidos!$D$2:$D$1401,N22,Partidos!$F$2:$F$1401)) | T22: =IF(N22="","",SUMIF(Partidos!$C$2:$C$1401,N22,Partidos!$F$2:$F$1401)+SUMIF(Partidos!$D$2:$D$1401,N22,Partidos!$E$2:$E$1401)) | U22: =IF(N22="","",S22-T22) | V22: =IF(N22="","",P22*3+Q22) | W22: =IF(N22="","",V22*1000000+U22*1000+S22+(ROW()*0.0000001)) | X22: =IF(N22="","",RANK(W22,$W$2:$W$61)) | Y22: =IF(N22="","",O22-4) | Z22: =IF(N22="","",O22-3) | AA22: =IF(N22="","",O22-2) | AB22: =IF(N22="","",O22-1) | AC22: =IF(N22="","",O22-0) | AD22: =IF(OR(N22="",Y22=""),"",IF(Y22<1,"",IFERROR(MATCH($N22&"|"&Y22,Partidos!$Y:$Y,0),IFERROR(MATCH($N22&"|"&Y22,Partidos!$Z:$Z,0),"")))) | AE22: =IF(OR(N22="",Z22=""),"",IF(Z22<1,"",IFERROR(MATCH($N22&"|"&Z22,Partidos!$Y:$Y,0),IFERROR(MATCH($N22&"|"&Z22,Partidos!$Z:$Z,0),"")))) | AF22: =IF(OR(N22="",AA22=""),"",IF(AA22<1,"",IFERROR(MATCH($N22&"|"&AA22,Partidos!$Y:$Y,0),IFERROR(MATCH($N22&"|"&AA22,Partidos!$Z:$Z,0),"")))) | AG22: =IF(OR(N22="",AB22=""),"",IF(AB22<1,"",IFERROR(MATCH($N22&"|"&AB22,Partidos!$Y:$Y,0),IFERROR(MATCH($N22&"|"&AB22,Partidos!$Z:$Z,0),"")))) | AH22: =IF(OR(N22="",AC22=""),"",IF(AC22<1,"",IFERROR(MATCH($N22&"|"&AC22,Partidos!$Y:$Y,0),IFERROR(MATCH($N22&"|"&AC22,Partidos!$Z:$Z,0),"")))) | AI22: =IF(AD22="","",IF(INDEX(Partidos!$C:$C,AD22)=$N22,IF(INDEX(Partidos!$E:$E,AD22)>INDEX(Partidos!$F:$F,AD22),"V",IF(INDEX(Partidos!$E:$E,AD22)=INDEX(Partidos!$F:$F,AD22),"E","P")),IF(INDEX(Partidos!$F:$F,AD22)>INDEX(Partidos!$E:$E,AD22),"V",IF(INDEX(Partidos!$F:$F,AD22)=INDEX(Partidos!$E:$E,AD22),"E","P")))) | AJ22: =IF(AE22="","",IF(INDEX(Partidos!$C:$C,AE22)=$N22,IF(INDEX(Partidos!$E:$E,AE22)>INDEX(Partidos!$F:$F,AE22),"V",IF(INDEX(Partidos!$E:$E,AE22)=INDEX(Partidos!$F:$F,AE22),"E","P")),IF(INDEX(Partidos!$F:$F,AE22)>INDEX(Partidos!$E:$E,AE22),"V",IF(INDEX(Partidos!$F:$F,AE22)=INDEX(Partidos!$E:$E,AE22),"E","P")))) | AK22: =IF(AF22="","",IF(INDEX(Partidos!$C:$C,AF22)=$N22,IF(INDEX(Partidos!$E:$E,AF22)>INDEX(Partidos!$F:$F,AF22),"V",IF(INDEX(Partidos!$E:$E,AF22)=INDEX(Partidos!$F:$F,AF22),"E","P")),IF(INDEX(Partidos!$F:$F,AF22)>INDEX(Partidos!$E:$E,AF22),"V",IF(INDEX(Partidos!$F:$F,AF22)=INDEX(Partidos!$E:$E,AF22),"E","P")))) | AL22: =IF(AG22="","",IF(INDEX(Partidos!$C:$C,AG22)=$N22,IF(INDEX(Partidos!$E:$E,AG22)>INDEX(Partidos!$F:$F,AG22),"V",IF(INDEX(Partidos!$E:$E,AG22)=INDEX(Partidos!$F:$F,AG22),"E","P")),IF(INDEX(Partidos!$F:$F,AG22)>INDEX(Partidos!$E:$E,AG22),"V",IF(INDEX(Partidos!$F:$F,AG22)=INDEX(Partidos!$E:$E,AG22),"E","P")))) | AM22: =IF(AH22="","",IF(INDEX(Partidos!$C:$C,AH22)=$N22,IF(INDEX(Partidos!$E:$E,AH22)>INDEX(Partidos!$F:$F,AH22),"V",IF(INDEX(Partidos!$E:$E,AH22)=INDEX(Partidos!$F:$F,AH22),"E","P")),IF(INDEX(Partidos!$F:$F,AH22)>INDEX(Partidos!$E:$E,AH22),"V",IF(INDEX(Partidos!$F:$F,AH22)=INDEX(Partidos!$E:$E,AH22),"E","P")))) | AN22: =IF(N22="","",_xlfn.TEXTJOIN("-",TRUE(),AI22:AM22)) | AO22: =IF(N22="","",RANK(S22,$S$2:$S$61,0)) | AP22: =IF(AO22=1,SUMPRODUCT(($AO$2:AO22=1)*1),"") | AQ22: =IF(AO22=1,"GF|"&AP22,"") | AR22: =IF(N22="","",RANK(T22,$T$2:$T$61,1)) | AS22: =IF(AR22=1,SUMPRODUCT(($AR$2:AR22=1)*1),"") | AT22: =IF(AR22=1,"GC|"&AS22,"")
A23: =IF(COUNT($X$2:$X$61)>=22,22,"") | B23: =IF($A23="","",INDEX($N$2:$N$61,MATCH($A23,$X$2:$X$61,0))) | C23: =IF($A23="","",INDEX($O$2:$O$61,MATCH($A23,$X$2:$X$61,0))) | D23: =IF($A23="","",INDEX($P$2:$P$61,MATCH($A23,$X$2:$X$61,0))) | E23: =IF($A23="","",INDEX($Q$2:$Q$61,MATCH($A23,$X$2:$X$61,0))) | F23: =IF($A23="","",INDEX($R$2:$R$61,MATCH($A23,$X$2:$X$61,0))) | G23: =IF($A23="","",INDEX($S$2:$S$61,MATCH($A23,$X$2:$X$61,0))) | H23: =IF($A23="","",INDEX($T$2:$T$61,MATCH($A23,$X$2:$X$61,0))) | I23: =IF($A23="","",INDEX($U$2:$U$61,MATCH($A23,$X$2:$X$61,0))) | J23: =IF($A23="","",INDEX($V$2:$V$61,MATCH($A23,$X$2:$X$61,0))) | K23: =IF($A23="","",INDEX($AN$2:$AN$61,MATCH($A23,$X$2:$X$61,0))) | N23: =IFERROR(INDEX(Partidos!$C$2:$C$1401,MATCH("TEAM|22",Partidos!$AE$2:$AE$1401,0)),IFERROR(INDEX(Partidos!$D$2:$D$1401,MATCH("TEAM|22",Partidos!$AF$2:$AF$1401,0)),"")) | O23: =IF(N23="","",COUNTIF(Partidos!$C$2:$C$1401,N23)+COUNTIF(Partidos!$D$2:$D$1401,N23)) | P23: =IF(N23="","",SUMPRODUCT((Partidos!$C$2:$C$1401=N23)*(Partidos!$E$2:$E$1401>Partidos!$F$2:$F$1401))+SUMPRODUCT((Partidos!$D$2:$D$1401=N23)*(Partidos!$F$2:$F$1401>Partidos!$E$2:$E$1401))) | Q23: =IF(N23="","",SUMPRODUCT((((Partidos!$C$2:$C$1401=N23)+(Partidos!$D$2:$D$1401=N23)))*(Partidos!$E$2:$E$1401=Partidos!$F$2:$F$1401)*(Partidos!$C$2:$C$1401<>""))) | R23: =IF(N23="","",O23-P23-Q23) | S23: =IF(N23="","",SUMIF(Partidos!$C$2:$C$1401,N23,Partidos!$E$2:$E$1401)+SUMIF(Partidos!$D$2:$D$1401,N23,Partidos!$F$2:$F$1401)) | T23: =IF(N23="","",SUMIF(Partidos!$C$2:$C$1401,N23,Partidos!$F$2:$F$1401)+SUMIF(Partidos!$D$2:$D$1401,N23,Partidos!$E$2:$E$1401)) | U23: =IF(N23="","",S23-T23) | V23: =IF(N23="","",P23*3+Q23) | W23: =IF(N23="","",V23*1000000+U23*1000+S23+(ROW()*0.0000001)) | X23: =IF(N23="","",RANK(W23,$W$2:$W$61)) | Y23: =IF(N23="","",O23-4) | Z23: =IF(N23="","",O23-3) | AA23: =IF(N23="","",O23-2) | AB23: =IF(N23="","",O23-1) | AC23: =IF(N23="","",O23-0) | AD23: =IF(OR(N23="",Y23=""),"",IF(Y23<1,"",IFERROR(MATCH($N23&"|"&Y23,Partidos!$Y:$Y,0),IFERROR(MATCH($N23&"|"&Y23,Partidos!$Z:$Z,0),"")))) | AE23: =IF(OR(N23="",Z23=""),"",IF(Z23<1,"",IFERROR(MATCH($N23&"|"&Z23,Partidos!$Y:$Y,0),IFERROR(MATCH($N23&"|"&Z23,Partidos!$Z:$Z,0),"")))) | AF23: =IF(OR(N23="",AA23=""),"",IF(AA23<1,"",IFERROR(MATCH($N23&"|"&AA23,Partidos!$Y:$Y,0),IFERROR(MATCH($N23&"|"&AA23,Partidos!$Z:$Z,0),"")))) | AG23: =IF(OR(N23="",AB23=""),"",IF(AB23<1,"",IFERROR(MATCH($N23&"|"&AB23,Partidos!$Y:$Y,0),IFERROR(MATCH($N23&"|"&AB23,Partidos!$Z:$Z,0),"")))) | AH23: =IF(OR(N23="",AC23=""),"",IF(AC23<1,"",IFERROR(MATCH($N23&"|"&AC23,Partidos!$Y:$Y,0),IFERROR(MATCH($N23&"|"&AC23,Partidos!$Z:$Z,0),"")))) | AI23: =IF(AD23="","",IF(INDEX(Partidos!$C:$C,AD23)=$N23,IF(INDEX(Partidos!$E:$E,AD23)>INDEX(Partidos!$F:$F,AD23),"V",IF(INDEX(Partidos!$E:$E,AD23)=INDEX(Partidos!$F:$F,AD23),"E","P")),IF(INDEX(Partidos!$F:$F,AD23)>INDEX(Partidos!$E:$E,AD23),"V",IF(INDEX(Partidos!$F:$F,AD23)=INDEX(Partidos!$E:$E,AD23),"E","P")))) | AJ23: =IF(AE23="","",IF(INDEX(Partidos!$C:$C,AE23)=$N23,IF(INDEX(Partidos!$E:$E,AE23)>INDEX(Partidos!$F:$F,AE23),"V",IF(INDEX(Partidos!$E:$E,AE23)=INDEX(Partidos!$F:$F,AE23),"E","P")),IF(INDEX(Partidos!$F:$F,AE23)>INDEX(Partidos!$E:$E,AE23),"V",IF(INDEX(Partidos!$F:$F,AE23)=INDEX(Partidos!$E:$E,AE23),"E","P")))) | AK23: =IF(AF23="","",IF(INDEX(Partidos!$C:$C,AF23)=$N23,IF(INDEX(Partidos!$E:$E,AF23)>INDEX(Partidos!$F:$F,AF23),"V",IF(INDEX(Partidos!$E:$E,AF23)=INDEX(Partidos!$F:$F,AF23),"E","P")),IF(INDEX(Partidos!$F:$F,AF23)>INDEX(Partidos!$E:$E,AF23),"V",IF(INDEX(Partidos!$F:$F,AF23)=INDEX(Partidos!$E:$E,AF23),"E","P")))) | AL23: =IF(AG23="","",IF(INDEX(Partidos!$C:$C,AG23)=$N23,IF(INDEX(Partidos!$E:$E,AG23)>INDEX(Partidos!$F:$F,AG23),"V",IF(INDEX(Partidos!$E:$E,AG23)=INDEX(Partidos!$F:$F,AG23),"E","P")),IF(INDEX(Partidos!$F:$F,AG23)>INDEX(Partidos!$E:$E,AG23),"V",IF(INDEX(Partidos!$F:$F,AG23)=INDEX(Partidos!$E:$E,AG23),"E","P")))) | AM23: =IF(AH23="","",IF(INDEX(Partidos!$C:$C,AH23)=$N23,IF(INDEX(Partidos!$E:$E,AH23)>INDEX(Partidos!$F:$F,AH23),"V",IF(INDEX(Partidos!$E:$E,AH23)=INDEX(Partidos!$F:$F,AH23),"E","P")),IF(INDEX(Partidos!$F:$F,AH23)>INDEX(Partidos!$E:$E,AH23),"V",IF(INDEX(Partidos!$F:$F,AH23)=INDEX(Partidos!$E:$E,AH23),"E","P")))) | AN23: =IF(N23="","",_xlfn.TEXTJOIN("-",TRUE(),AI23:AM23)) | AO23: =IF(N23="","",RANK(S23,$S$2:$S$61,0)) | AP23: =IF(AO23=1,SUMPRODUCT(($AO$2:AO23=1)*1),"") | AQ23: =IF(AO23=1,"GF|"&AP23,"") | AR23: =IF(N23="","",RANK(T23,$T$2:$T$61,1)) | AS23: =IF(AR23=1,SUMPRODUCT(($AR$2:AR23=1)*1),"") | AT23: =IF(AR23=1,"GC|"&AS23,"")
A24: =IF(COUNT($X$2:$X$61)>=23,23,"") | B24: =IF($A24="","",INDEX($N$2:$N$61,MATCH($A24,$X$2:$X$61,0))) | C24: =IF($A24="","",INDEX($O$2:$O$61,MATCH($A24,$X$2:$X$61,0))) | D24: =IF($A24="","",INDEX($P$2:$P$61,MATCH($A24,$X$2:$X$61,0))) | E24: =IF($A24="","",INDEX($Q$2:$Q$61,MATCH($A24,$X$2:$X$61,0))) | F24: =IF($A24="","",INDEX($R$2:$R$61,MATCH($A24,$X$2:$X$61,0))) | G24: =IF($A24="","",INDEX($S$2:$S$61,MATCH($A24,$X$2:$X$61,0))) | H24: =IF($A24="","",INDEX($T$2:$T$61,MATCH($A24,$X$2:$X$61,0))) | I24: =IF($A24="","",INDEX($U$2:$U$61,MATCH($A24,$X$2:$X$61,0))) | J24: =IF($A24="","",INDEX($V$2:$V$61,MATCH($A24,$X$2:$X$61,0))) | K24: =IF($A24="","",INDEX($AN$2:$AN$61,MATCH($A24,$X$2:$X$61,0))) | N24: =IFERROR(INDEX(Partidos!$C$2:$C$1401,MATCH("TEAM|23",Partidos!$AE$2:$AE$1401,0)),IFERROR(INDEX(Partidos!$D$2:$D$1401,MATCH("TEAM|23",Partidos!$AF$2:$AF$1401,0)),"")) | O24: =IF(N24="","",COUNTIF(Partidos!$C$2:$C$1401,N24)+COUNTIF(Partidos!$D$2:$D$1401,N24)) | P24: =IF(N24="","",SUMPRODUCT((Partidos!$C$2:$C$1401=N24)*(Partidos!$E$2:$E$1401>Partidos!$F$2:$F$1401))+SUMPRODUCT((Partidos!$D$2:$D$1401=N24)*(Partidos!$F$2:$F$1401>Partidos!$E$2:$E$1401))) | Q24: =IF(N24="","",SUMPRODUCT((((Partidos!$C$2:$C$1401=N24)+(Partidos!$D$2:$D$1401=N24)))*(Partidos!$E$2:$E$1401=Partidos!$F$2:$F$1401)*(Partidos!$C$2:$C$1401<>""))) | R24: =IF(N24="","",O24-P24-Q24) | S24: =IF(N24="","",SUMIF(Partidos!$C$2:$C$1401,N24,Partidos!$E$2:$E$1401)+SUMIF(Partidos!$D$2:$D$1401,N24,Partidos!$F$2:$F$1401)) | T24: =IF(N24="","",SUMIF(Partidos!$C$2:$C$1401,N24,Partidos!$F$2:$F$1401)+SUMIF(Partidos!$D$2:$D$1401,N24,Partidos!$E$2:$E$1401)) | U24: =IF(N24="","",S24-T24) | V24: =IF(N24="","",P24*3+Q24) | W24: =IF(N24="","",V24*1000000+U24*1000+S24+(ROW()*0.0000001)) | X24: =IF(N24="","",RANK(W24,$W$2:$W$61)) | Y24: =IF(N24="","",O24-4) | Z24: =IF(N24="","",O24-3) | AA24: =IF(N24="","",O24-2) | AB24: =IF(N24="","",O24-1) | AC24: =IF(N24="","",O24-0) | AD24: =IF(OR(N24="",Y24=""),"",IF(Y24<1,"",IFERROR(MATCH($N24&"|"&Y24,Partidos!$Y:$Y,0),IFERROR(MATCH($N24&"|"&Y24,Partidos!$Z:$Z,0),"")))) | AE24: =IF(OR(N24="",Z24=""),"",IF(Z24<1,"",IFERROR(MATCH($N24&"|"&Z24,Partidos!$Y:$Y,0),IFERROR(MATCH($N24&"|"&Z24,Partidos!$Z:$Z,0),"")))) | AF24: =IF(OR(N24="",AA24=""),"",IF(AA24<1,"",IFERROR(MATCH($N24&"|"&AA24,Partidos!$Y:$Y,0),IFERROR(MATCH($N24&"|"&AA24,Partidos!$Z:$Z,0),"")))) | AG24: =IF(OR(N24="",AB24=""),"",IF(AB24<1,"",IFERROR(MATCH($N24&"|"&AB24,Partidos!$Y:$Y,0),IFERROR(MATCH($N24&"|"&AB24,Partidos!$Z:$Z,0),"")))) | AH24: =IF(OR(N24="",AC24=""),"",IF(AC24<1,"",IFERROR(MATCH($N24&"|"&AC24,Partidos!$Y:$Y,0),IFERROR(MATCH($N24&"|"&AC24,Partidos!$Z:$Z,0),"")))) | AI24: =IF(AD24="","",IF(INDEX(Partidos!$C:$C,AD24)=$N24,IF(INDEX(Partidos!$E:$E,AD24)>INDEX(Partidos!$F:$F,AD24),"V",IF(INDEX(Partidos!$E:$E,AD24)=INDEX(Partidos!$F:$F,AD24),"E","P")),IF(INDEX(Partidos!$F:$F,AD24)>INDEX(Partidos!$E:$E,AD24),"V",IF(INDEX(Partidos!$F:$F,AD24)=INDEX(Partidos!$E:$E,AD24),"E","P")))) | AJ24: =IF(AE24="","",IF(INDEX(Partidos!$C:$C,AE24)=$N24,IF(INDEX(Partidos!$E:$E,AE24)>INDEX(Partidos!$F:$F,AE24),"V",IF(INDEX(Partidos!$E:$E,AE24)=INDEX(Partidos!$F:$F,AE24),"E","P")),IF(INDEX(Partidos!$F:$F,AE24)>INDEX(Partidos!$E:$E,AE24),"V",IF(INDEX(Partidos!$F:$F,AE24)=INDEX(Partidos!$E:$E,AE24),"E","P")))) | AK24: =IF(AF24="","",IF(INDEX(Partidos!$C:$C,AF24)=$N24,IF(INDEX(Partidos!$E:$E,AF24)>INDEX(Partidos!$F:$F,AF24),"V",IF(INDEX(Partidos!$E:$E,AF24)=INDEX(Partidos!$F:$F,AF24),"E","P")),IF(INDEX(Partidos!$F:$F,AF24)>INDEX(Partidos!$E:$E,AF24),"V",IF(INDEX(Partidos!$F:$F,AF24)=INDEX(Partidos!$E:$E,AF24),"E","P")))) | AL24: =IF(AG24="","",IF(INDEX(Partidos!$C:$C,AG24)=$N24,IF(INDEX(Partidos!$E:$E,AG24)>INDEX(Partidos!$F:$F,AG24),"V",IF(INDEX(Partidos!$E:$E,AG24)=INDEX(Partidos!$F:$F,AG24),"E","P")),IF(INDEX(Partidos!$F:$F,AG24)>INDEX(Partidos!$E:$E,AG24),"V",IF(INDEX(Partidos!$F:$F,AG24)=INDEX(Partidos!$E:$E,AG24),"E","P")))) | AM24: =IF(AH24="","",IF(INDEX(Partidos!$C:$C,AH24)=$N24,IF(INDEX(Partidos!$E:$E,AH24)>INDEX(Partidos!$F:$F,AH24),"V",IF(INDEX(Partidos!$E:$E,AH24)=INDEX(Partidos!$F:$F,AH24),"E","P")),IF(INDEX(Partidos!$F:$F,AH24)>INDEX(Partidos!$E:$E,AH24),"V",IF(INDEX(Partidos!$F:$F,AH24)=INDEX(Partidos!$E:$E,AH24),"E","P")))) | AN24: =IF(N24="","",_xlfn.TEXTJOIN("-",TRUE(),AI24:AM24)) | AO24: =IF(N24="","",RANK(S24,$S$2:$S$61,0)) | AP24: =IF(AO24=1,SUMPRODUCT(($AO$2:AO24=1)*1),"") | AQ24: =IF(AO24=1,"GF|"&AP24,"") | AR24: =IF(N24="","",RANK(T24,$T$2:$T$61,1)) | AS24: =IF(AR24=1,SUMPRODUCT(($AR$2:AR24=1)*1),"") | AT24: =IF(AR24=1,"GC|"&AS24,"")
A25: =IF(COUNT($X$2:$X$61)>=24,24,"") | B25: =IF($A25="","",INDEX($N$2:$N$61,MATCH($A25,$X$2:$X$61,0))) | C25: =IF($A25="","",INDEX($O$2:$O$61,MATCH($A25,$X$2:$X$61,0))) | D25: =IF($A25="","",INDEX($P$2:$P$61,MATCH($A25,$X$2:$X$61,0))) | E25: =IF($A25="","",INDEX($Q$2:$Q$61,MATCH($A25,$X$2:$X$61,0))) | F25: =IF($A25="","",INDEX($R$2:$R$61,MATCH($A25,$X$2:$X$61,0))) | G25: =IF($A25="","",INDEX($S$2:$S$61,MATCH($A25,$X$2:$X$61,0))) | H25: =IF($A25="","",INDEX($T$2:$T$61,MATCH($A25,$X$2:$X$61,0))) | I25: =IF($A25="","",INDEX($U$2:$U$61,MATCH($A25,$X$2:$X$61,0))) | J25: =IF($A25="","",INDEX($V$2:$V$61,MATCH($A25,$X$2:$X$61,0))) | K25: =IF($A25="","",INDEX($AN$2:$AN$61,MATCH($A25,$X$2:$X$61,0))) | N25: =IFERROR(INDEX(Partidos!$C$2:$C$1401,MATCH("TEAM|24",Partidos!$AE$2:$AE$1401,0)),IFERROR(INDEX(Partidos!$D$2:$D$1401,MATCH("TEAM|24",Partidos!$AF$2:$AF$1401,0)),"")) | O25: =IF(N25="","",COUNTIF(Partidos!$C$2:$C$1401,N25)+COUNTIF(Partidos!$D$2:$D$1401,N25)) | P25: =IF(N25="","",SUMPRODUCT((Partidos!$C$2:$C$1401=N25)*(Partidos!$E$2:$E$1401>Partidos!$F$2:$F$1401))+SUMPRODUCT((Partidos!$D$2:$D$1401=N25)*(Partidos!$F$2:$F$1401>Partidos!$E$2:$E$1401))) | Q25: =IF(N25="","",SUMPRODUCT((((Partidos!$C$2:$C$1401=N25)+(Partidos!$D$2:$D$1401=N25)))*(Partidos!$E$2:$E$1401=Partidos!$F$2:$F$1401)*(Partidos!$C$2:$C$1401<>""))) | R25: =IF(N25="","",O25-P25-Q25) | S25: =IF(N25="","",SUMIF(Partidos!$C$2:$C$1401,N25,Partidos!$E$2:$E$1401)+SUMIF(Partidos!$D$2:$D$1401,N25,Partidos!$F$2:$F$1401)) | T25: =IF(N25="","",SUMIF(Partidos!$C$2:$C$1401,N25,Partidos!$F$2:$F$1401)+SUMIF(Partidos!$D$2:$D$1401,N25,Partidos!$E$2:$E$1401)) | U25: =IF(N25="","",S25-T25) | V25: =IF(N25="","",P25*3+Q25) | W25: =IF(N25="","",V25*1000000+U25*1000+S25+(ROW()*0.0000001)) | X25: =IF(N25="","",RANK(W25,$W$2:$W$61)) | Y25: =IF(N25="","",O25-4) | Z25: =IF(N25="","",O25-3) | AA25: =IF(N25="","",O25-2) | AB25: =IF(N25="","",O25-1) | AC25: =IF(N25="","",O25-0) | AD25: =IF(OR(N25="",Y25=""),"",IF(Y25<1,"",IFERROR(MATCH($N25&"|"&Y25,Partidos!$Y:$Y,0),IFERROR(MATCH($N25&"|"&Y25,Partidos!$Z:$Z,0),"")))) | AE25: =IF(OR(N25="",Z25=""),"",IF(Z25<1,"",IFERROR(MATCH($N25&"|"&Z25,Partidos!$Y:$Y,0),IFERROR(MATCH($N25&"|"&Z25,Partidos!$Z:$Z,0),"")))) | AF25: =IF(OR(N25="",AA25=""),"",IF(AA25<1,"",IFERROR(MATCH($N25&"|"&AA25,Partidos!$Y:$Y,0),IFERROR(MATCH($N25&"|"&AA25,Partidos!$Z:$Z,0),"")))) | AG25: =IF(OR(N25="",AB25=""),"",IF(AB25<1,"",IFERROR(MATCH($N25&"|"&AB25,Partidos!$Y:$Y,0),IFERROR(MATCH($N25&"|"&AB25,Partidos!$Z:$Z,0),"")))) | AH25: =IF(OR(N25="",AC25=""),"",IF(AC25<1,"",IFERROR(MATCH($N25&"|"&AC25,Partidos!$Y:$Y,0),IFERROR(MATCH($N25&"|"&AC25,Partidos!$Z:$Z,0),"")))) | AI25: =IF(AD25="","",IF(INDEX(Partidos!$C:$C,AD25)=$N25,IF(INDEX(Partidos!$E:$E,AD25)>INDEX(Partidos!$F:$F,AD25),"V",IF(INDEX(Partidos!$E:$E,AD25)=INDEX(Partidos!$F:$F,AD25),"E","P")),IF(INDEX(Partidos!$F:$F,AD25)>INDEX(Partidos!$E:$E,AD25),"V",IF(INDEX(Partidos!$F:$F,AD25)=INDEX(Partidos!$E:$E,AD25),"E","P")))) | AJ25: =IF(AE25="","",IF(INDEX(Partidos!$C:$C,AE25)=$N25,IF(INDEX(Partidos!$E:$E,AE25)>INDEX(Partidos!$F:$F,AE25),"V",IF(INDEX(Partidos!$E:$E,AE25)=INDEX(Partidos!$F:$F,AE25),"E","P")),IF(INDEX(Partidos!$F:$F,AE25)>INDEX(Partidos!$E:$E,AE25),"V",IF(INDEX(Partidos!$F:$F,AE25)=INDEX(Partidos!$E:$E,AE25),"E","P")))) | AK25: =IF(AF25="","",IF(INDEX(Partidos!$C:$C,AF25)=$N25,IF(INDEX(Partidos!$E:$E,AF25)>INDEX(Partidos!$F:$F,AF25),"V",IF(INDEX(Partidos!$E:$E,AF25)=INDEX(Partidos!$F:$F,AF25),"E","P")),IF(INDEX(Partidos!$F:$F,AF25)>INDEX(Partidos!$E:$E,AF25),"V",IF(INDEX(Partidos!$F:$F,AF25)=INDEX(Partidos!$E:$E,AF25),"E","P")))) | AL25: =IF(AG25="","",IF(INDEX(Partidos!$C:$C,AG25)=$N25,IF(INDEX(Partidos!$E:$E,AG25)>INDEX(Partidos!$F:$F,AG25),"V",IF(INDEX(Partidos!$E:$E,AG25)=INDEX(Partidos!$F:$F,AG25),"E","P")),IF(INDEX(Partidos!$F:$F,AG25)>INDEX(Partidos!$E:$E,AG25),"V",IF(INDEX(Partidos!$F:$F,AG25)=INDEX(Partidos!$E:$E,AG25),"E","P")))) | AM25: =IF(AH25="","",IF(INDEX(Partidos!$C:$C,AH25)=$N25,IF(INDEX(Partidos!$E:$E,AH25)>INDEX(Partidos!$F:$F,AH25),"V",IF(INDEX(Partidos!$E:$E,AH25)=INDEX(Partidos!$F:$F,AH25),"E","P")),IF(INDEX(Partidos!$F:$F,AH25)>INDEX(Partidos!$E:$E,AH25),"V",IF(INDEX(Partidos!$F:$F,AH25)=INDEX(Partidos!$E:$E,AH25),"E","P")))) | AN25: =IF(N25="","",_xlfn.TEXTJOIN("-",TRUE(),AI25:AM25)) | AO25: =IF(N25="","",RANK(S25,$S$2:$S$61,0)) | AP25: =IF(AO25=1,SUMPRODUCT(($AO$2:AO25=1)*1),"") | AQ25: =IF(AO25=1,"GF|"&AP25,"") | AR25: =IF(N25="","",RANK(T25,$T$2:$T$61,1)) | AS25: =IF(AR25=1,SUMPRODUCT(($AR$2:AR25=1)*1),"") | AT25: =IF(AR25=1,"GC|"&AS25,"")
A26: =IF(COUNT($X$2:$X$61)>=25,25,"") | B26: =IF($A26="","",INDEX($N$2:$N$61,MATCH($A26,$X$2:$X$61,0))) | C26: =IF($A26="","",INDEX($O$2:$O$61,MATCH($A26,$X$2:$X$61,0))) | D26: =IF($A26="","",INDEX($P$2:$P$61,MATCH($A26,$X$2:$X$61,0))) | E26: =IF($A26="","",INDEX($Q$2:$Q$61,MATCH($A26,$X$2:$X$61,0))) | F26: =IF($A26="","",INDEX($R$2:$R$61,MATCH($A26,$X$2:$X$61,0))) | G26: =IF($A26="","",INDEX($S$2:$S$61,MATCH($A26,$X$2:$X$61,0))) | H26: =IF($A26="","",INDEX($T$2:$T$61,MATCH($A26,$X$2:$X$61,0))) | I26: =IF($A26="","",INDEX($U$2:$U$61,MATCH($A26,$X$2:$X$61,0))) | J26: =IF($A26="","",INDEX($V$2:$V$61,MATCH($A26,$X$2:$X$61,0))) | K26: =IF($A26="","",INDEX($AN$2:$AN$61,MATCH($A26,$X$2:$X$61,0))) | N26: =IFERROR(INDEX(Partidos!$C$2:$C$1401,MATCH("TEAM|25",Partidos!$AE$2:$AE$1401,0)),IFERROR(INDEX(Partidos!$D$2:$D$1401,MATCH("TEAM|25",Partidos!$AF$2:$AF$1401,0)),"")) | O26: =IF(N26="","",COUNTIF(Partidos!$C$2:$C$1401,N26)+COUNTIF(Partidos!$D$2:$D$1401,N26)) | P26: =IF(N26="","",SUMPRODUCT((Partidos!$C$2:$C$1401=N26)*(Partidos!$E$2:$E$1401>Partidos!$F$2:$F$1401))+SUMPRODUCT((Partidos!$D$2:$D$1401=N26)*(Partidos!$F$2:$F$1401>Partidos!$E$2:$E$1401))) | Q26: =IF(N26="","",SUMPRODUCT((((Partidos!$C$2:$C$1401=N26)+(Partidos!$D$2:$D$1401=N26)))*(Partidos!$E$2:$E$1401=Partidos!$F$2:$F$1401)*(Partidos!$C$2:$C$1401<>""))) | R26: =IF(N26="","",O26-P26-Q26) | S26: =IF(N26="","",SUMIF(Partidos!$C$2:$C$1401,N26,Partidos!$E$2:$E$1401)+SUMIF(Partidos!$D$2:$D$1401,N26,Partidos!$F$2:$F$1401)) | T26: =IF(N26="","",SUMIF(Partidos!$C$2:$C$1401,N26,Partidos!$F$2:$F$1401)+SUMIF(Partidos!$D$2:$D$1401,N26,Partidos!$E$2:$E$1401)) | U26: =IF(N26="","",S26-T26) | V26: =IF(N26="","",P26*3+Q26) | W26: =IF(N26="","",V26*1000000+U26*1000+S26+(ROW()*0.0000001)) | X26: =IF(N26="","",RANK(W26,$W$2:$W$61)) | Y26: =IF(N26="","",O26-4) | Z26: =IF(N26="","",O26-3) | AA26: =IF(N26="","",O26-2) | AB26: =IF(N26="","",O26-1) | AC26: =IF(N26="","",O26-0) | AD26: =IF(OR(N26="",Y26=""),"",IF(Y26<1,"",IFERROR(MATCH($N26&"|"&Y26,Partidos!$Y:$Y,0),IFERROR(MATCH($N26&"|"&Y26,Partidos!$Z:$Z,0),"")))) | AE26: =IF(OR(N26="",Z26=""),"",IF(Z26<1,"",IFERROR(MATCH($N26&"|"&Z26,Partidos!$Y:$Y,0),IFERROR(MATCH($N26&"|"&Z26,Partidos!$Z:$Z,0),"")))) | AF26: =IF(OR(N26="",AA26=""),"",IF(AA26<1,"",IFERROR(MATCH($N26&"|"&AA26,Partidos!$Y:$Y,0),IFERROR(MATCH($N26&"|"&AA26,Partidos!$Z:$Z,0),"")))) | AG26: =IF(OR(N26="",AB26=""),"",IF(AB26<1,"",IFERROR(MATCH($N26&"|"&AB26,Partidos!$Y:$Y,0),IFERROR(MATCH($N26&"|"&AB26,Partidos!$Z:$Z,0),"")))) | AH26: =IF(OR(N26="",AC26=""),"",IF(AC26<1,"",IFERROR(MATCH($N26&"|"&AC26,Partidos!$Y:$Y,0),IFERROR(MATCH($N26&"|"&AC26,Partidos!$Z:$Z,0),"")))) | AI26: =IF(AD26="","",IF(INDEX(Partidos!$C:$C,AD26)=$N26,IF(INDEX(Partidos!$E:$E,AD26)>INDEX(Partidos!$F:$F,AD26),"V",IF(INDEX(Partidos!$E:$E,AD26)=INDEX(Partidos!$F:$F,AD26),"E","P")),IF(INDEX(Partidos!$F:$F,AD26)>INDEX(Partidos!$E:$E,AD26),"V",IF(INDEX(Partidos!$F:$F,AD26)=INDEX(Partidos!$E:$E,AD26),"E","P")))) | AJ26: =IF(AE26="","",IF(INDEX(Partidos!$C:$C,AE26)=$N26,IF(INDEX(Partidos!$E:$E,AE26)>INDEX(Partidos!$F:$F,AE26),"V",IF(INDEX(Partidos!$E:$E,AE26)=INDEX(Partidos!$F:$F,AE26),"E","P")),IF(INDEX(Partidos!$F:$F,AE26)>INDEX(Partidos!$E:$E,AE26),"V",IF(INDEX(Partidos!$F:$F,AE26)=INDEX(Partidos!$E:$E,AE26),"E","P")))) | AK26: =IF(AF26="","",IF(INDEX(Partidos!$C:$C,AF26)=$N26,IF(INDEX(Partidos!$E:$E,AF26)>INDEX(Partidos!$F:$F,AF26),"V",IF(INDEX(Partidos!$E:$E,AF26)=INDEX(Partidos!$F:$F,AF26),"E","P")),IF(INDEX(Partidos!$F:$F,AF26)>INDEX(Partidos!$E:$E,AF26),"V",IF(INDEX(Partidos!$F:$F,AF26)=INDEX(Partidos!$E:$E,AF26),"E","P")))) | AL26: =IF(AG26="","",IF(INDEX(Partidos!$C:$C,AG26)=$N26,IF(INDEX(Partidos!$E:$E,AG26)>INDEX(Partidos!$F:$F,AG26),"V",IF(INDEX(Partidos!$E:$E,AG26)=INDEX(Partidos!$F:$F,AG26),"E","P")),IF(INDEX(Partidos!$F:$F,AG26)>INDEX(Partidos!$E:$E,AG26),"V",IF(INDEX(Partidos!$F:$F,AG26)=INDEX(Partidos!$E:$E,AG26),"E","P")))) | AM26: =IF(AH26="","",IF(INDEX(Partidos!$C:$C,AH26)=$N26,IF(INDEX(Partidos!$E:$E,AH26)>INDEX(Partidos!$F:$F,AH26),"V",IF(INDEX(Partidos!$E:$E,AH26)=INDEX(Partidos!$F:$F,AH26),"E","P")),IF(INDEX(Partidos!$F:$F,AH26)>INDEX(Partidos!$E:$E,AH26),"V",IF(INDEX(Partidos!$F:$F,AH26)=INDEX(Partidos!$E:$E,AH26),"E","P")))) | AN26: =IF(N26="","",_xlfn.TEXTJOIN("-",TRUE(),AI26:AM26)) | AO26: =IF(N26="","",RANK(S26,$S$2:$S$61,0)) | AP26: =IF(AO26=1,SUMPRODUCT(($AO$2:AO26=1)*1),"") | AQ26: =IF(AO26=1,"GF|"&AP26,"") | AR26: =IF(N26="","",RANK(T26,$T$2:$T$61,1)) | AS26: =IF(AR26=1,SUMPRODUCT(($AR$2:AR26=1)*1),"") | AT26: =IF(AR26=1,"GC|"&AS26,"")
A27: =IF(COUNT($X$2:$X$61)>=26,26,"") | B27: =IF($A27="","",INDEX($N$2:$N$61,MATCH($A27,$X$2:$X$61,0))) | C27: =IF($A27="","",INDEX($O$2:$O$61,MATCH($A27,$X$2:$X$61,0))) | D27: =IF($A27="","",INDEX($P$2:$P$61,MATCH($A27,$X$2:$X$61,0))) | E27: =IF($A27="","",INDEX($Q$2:$Q$61,MATCH($A27,$X$2:$X$61,0))) | F27: =IF($A27="","",INDEX($R$2:$R$61,MATCH($A27,$X$2:$X$61,0))) | G27: =IF($A27="","",INDEX($S$2:$S$61,MATCH($A27,$X$2:$X$61,0))) | H27: =IF($A27="","",INDEX($T$2:$T$61,MATCH($A27,$X$2:$X$61,0))) | I27: =IF($A27="","",INDEX($U$2:$U$61,MATCH($A27,$X$2:$X$61,0))) | J27: =IF($A27="","",INDEX($V$2:$V$61,MATCH($A27,$X$2:$X$61,0))) | K27: =IF($A27="","",INDEX($AN$2:$AN$61,MATCH($A27,$X$2:$X$61,0))) | N27: =IFERROR(INDEX(Partidos!$C$2:$C$1401,MATCH("TEAM|26",Partidos!$AE$2:$AE$1401,0)),IFERROR(INDEX(Partidos!$D$2:$D$1401,MATCH("TEAM|26",Partidos!$AF$2:$AF$1401,0)),"")) | O27: =IF(N27="","",COUNTIF(Partidos!$C$2:$C$1401,N27)+COUNTIF(Partidos!$D$2:$D$1401,N27)) | P27: =IF(N27="","",SUMPRODUCT((Partidos!$C$2:$C$1401=N27)*(Partidos!$E$2:$E$1401>Partidos!$F$2:$F$1401))+SUMPRODUCT((Partidos!$D$2:$D$1401=N27)*(Partidos!$F$2:$F$1401>Partidos!$E$2:$E$1401))) | Q27: =IF(N27="","",SUMPRODUCT((((Partidos!$C$2:$C$1401=N27)+(Partidos!$D$2:$D$1401=N27)))*(Partidos!$E$2:$E$1401=Partidos!$F$2:$F$1401)*(Partidos!$C$2:$C$1401<>""))) | R27: =IF(N27="","",O27-P27-Q27) | S27: =IF(N27="","",SUMIF(Partidos!$C$2:$C$1401,N27,Partidos!$E$2:$E$1401)+SUMIF(Partidos!$D$2:$D$1401,N27,Partidos!$F$2:$F$1401)) | T27: =IF(N27="","",SUMIF(Partidos!$C$2:$C$1401,N27,Partidos!$F$2:$F$1401)+SUMIF(Partidos!$D$2:$D$1401,N27,Partidos!$E$2:$E$1401)) | U27: =IF(N27="","",S27-T27) | V27: =IF(N27="","",P27*3+Q27) | W27: =IF(N27="","",V27*1000000+U27*1000+S27+(ROW()*0.0000001)) | X27: =IF(N27="","",RANK(W27,$W$2:$W$61)) | Y27: =IF(N27="","",O27-4) | Z27: =IF(N27="","",O27-3) | AA27: =IF(N27="","",O27-2) | AB27: =IF(N27="","",O27-1) | AC27: =IF(N27="","",O27-0) | AD27: =IF(OR(N27="",Y27=""),"",IF(Y27<1,"",IFERROR(MATCH($N27&"|"&Y27,Partidos!$Y:$Y,0),IFERROR(MATCH($N27&"|"&Y27,Partidos!$Z:$Z,0),"")))) | AE27: =IF(OR(N27="",Z27=""),"",IF(Z27<1,"",IFERROR(MATCH($N27&"|"&Z27,Partidos!$Y:$Y,0),IFERROR(MATCH($N27&"|"&Z27,Partidos!$Z:$Z,0),"")))) | AF27: =IF(OR(N27="",AA27=""),"",IF(AA27<1,"",IFERROR(MATCH($N27&"|"&AA27,Partidos!$Y:$Y,0),IFERROR(MATCH($N27&"|"&AA27,Partidos!$Z:$Z,0),"")))) | AG27: =IF(OR(N27="",AB27=""),"",IF(AB27<1,"",IFERROR(MATCH($N27&"|"&AB27,Partidos!$Y:$Y,0),IFERROR(MATCH($N27&"|"&AB27,Partidos!$Z:$Z,0),"")))) | AH27: =IF(OR(N27="",AC27=""),"",IF(AC27<1,"",IFERROR(MATCH($N27&"|"&AC27,Partidos!$Y:$Y,0),IFERROR(MATCH($N27&"|"&AC27,Partidos!$Z:$Z,0),"")))) | AI27: =IF(AD27="","",IF(INDEX(Partidos!$C:$C,AD27)=$N27,IF(INDEX(Partidos!$E:$E,AD27)>INDEX(Partidos!$F:$F,AD27),"V",IF(INDEX(Partidos!$E:$E,AD27)=INDEX(Partidos!$F:$F,AD27),"E","P")),IF(INDEX(Partidos!$F:$F,AD27)>INDEX(Partidos!$E:$E,AD27),"V",IF(INDEX(Partidos!$F:$F,AD27)=INDEX(Partidos!$E:$E,AD27),"E","P")))) | AJ27: =IF(AE27="","",IF(INDEX(Partidos!$C:$C,AE27)=$N27,IF(INDEX(Partidos!$E:$E,AE27)>INDEX(Partidos!$F:$F,AE27),"V",IF(INDEX(Partidos!$E:$E,AE27)=INDEX(Partidos!$F:$F,AE27),"E","P")),IF(INDEX(Partidos!$F:$F,AE27)>INDEX(Partidos!$E:$E,AE27),"V",IF(INDEX(Partidos!$F:$F,AE27)=INDEX(Partidos!$E:$E,AE27),"E","P")))) | AK27: =IF(AF27="","",IF(INDEX(Partidos!$C:$C,AF27)=$N27,IF(INDEX(Partidos!$E:$E,AF27)>INDEX(Partidos!$F:$F,AF27),"V",IF(INDEX(Partidos!$E:$E,AF27)=INDEX(Partidos!$F:$F,AF27),"E","P")),IF(INDEX(Partidos!$F:$F,AF27)>INDEX(Partidos!$E:$E,AF27),"V",IF(INDEX(Partidos!$F:$F,AF27)=INDEX(Partidos!$E:$E,AF27),"E","P")))) | AL27: =IF(AG27="","",IF(INDEX(Partidos!$C:$C,AG27)=$N27,IF(INDEX(Partidos!$E:$E,AG27)>INDEX(Partidos!$F:$F,AG27),"V",IF(INDEX(Partidos!$E:$E,AG27)=INDEX(Partidos!$F:$F,AG27),"E","P")),IF(INDEX(Partidos!$F:$F,AG27)>INDEX(Partidos!$E:$E,AG27),"V",IF(INDEX(Partidos!$F:$F,AG27)=INDEX(Partidos!$E:$E,AG27),"E","P")))) | AM27: =IF(AH27="","",IF(INDEX(Partidos!$C:$C,AH27)=$N27,IF(INDEX(Partidos!$E:$E,AH27)>INDEX(Partidos!$F:$F,AH27),"V",IF(INDEX(Partidos!$E:$E,AH27)=INDEX(Partidos!$F:$F,AH27),"E","P")),IF(INDEX(Partidos!$F:$F,AH27)>INDEX(Partidos!$E:$E,AH27),"V",IF(INDEX(Partidos!$F:$F,AH27)=INDEX(Partidos!$E:$E,AH27),"E","P")))) | AN27: =IF(N27="","",_xlfn.TEXTJOIN("-",TRUE(),AI27:AM27)) | AO27: =IF(N27="","",RANK(S27,$S$2:$S$61,0)) | AP27: =IF(AO27=1,SUMPRODUCT(($AO$2:AO27=1)*1),"") | AQ27: =IF(AO27=1,"GF|"&AP27,"") | AR27: =IF(N27="","",RANK(T27,$T$2:$T$61,1)) | AS27: =IF(AR27=1,SUMPRODUCT(($AR$2:AR27=1)*1),"") | AT27: =IF(AR27=1,"GC|"&AS27,"")
A28: =IF(COUNT($X$2:$X$61)>=27,27,"") | B28: =IF($A28="","",INDEX($N$2:$N$61,MATCH($A28,$X$2:$X$61,0))) | C28: =IF($A28="","",INDEX($O$2:$O$61,MATCH($A28,$X$2:$X$61,0))) | D28: =IF($A28="","",INDEX($P$2:$P$61,MATCH($A28,$X$2:$X$61,0))) | E28: =IF($A28="","",INDEX($Q$2:$Q$61,MATCH($A28,$X$2:$X$61,0))) | F28: =IF($A28="","",INDEX($R$2:$R$61,MATCH($A28,$X$2:$X$61,0))) | G28: =IF($A28="","",INDEX($S$2:$S$61,MATCH($A28,$X$2:$X$61,0))) | H28: =IF($A28="","",INDEX($T$2:$T$61,MATCH($A28,$X$2:$X$61,0))) | I28: =IF($A28="","",INDEX($U$2:$U$61,MATCH($A28,$X$2:$X$61,0))) | J28: =IF($A28="","",INDEX($V$2:$V$61,MATCH($A28,$X$2:$X$61,0))) | K28: =IF($A28="","",INDEX($AN$2:$AN$61,MATCH($A28,$X$2:$X$61,0))) | N28: =IFERROR(INDEX(Partidos!$C$2:$C$1401,MATCH("TEAM|27",Partidos!$AE$2:$AE$1401,0)),IFERROR(INDEX(Partidos!$D$2:$D$1401,MATCH("TEAM|27",Partidos!$AF$2:$AF$1401,0)),"")) | O28: =IF(N28="","",COUNTIF(Partidos!$C$2:$C$1401,N28)+COUNTIF(Partidos!$D$2:$D$1401,N28)) | P28: =IF(N28="","",SUMPRODUCT((Partidos!$C$2:$C$1401=N28)*(Partidos!$E$2:$E$1401>Partidos!$F$2:$F$1401))+SUMPRODUCT((Partidos!$D$2:$D$1401=N28)*(Partidos!$F$2:$F$1401>Partidos!$E$2:$E$1401))) | Q28: =IF(N28="","",SUMPRODUCT((((Partidos!$C$2:$C$1401=N28)+(Partidos!$D$2:$D$1401=N28)))*(Partidos!$E$2:$E$1401=Partidos!$F$2:$F$1401)*(Partidos!$C$2:$C$1401<>""))) | R28: =IF(N28="","",O28-P28-Q28) | S28: =IF(N28="","",SUMIF(Partidos!$C$2:$C$1401,N28,Partidos!$E$2:$E$1401)+SUMIF(Partidos!$D$2:$D$1401,N28,Partidos!$F$2:$F$1401)) | T28: =IF(N28="","",SUMIF(Partidos!$C$2:$C$1401,N28,Partidos!$F$2:$F$1401)+SUMIF(Partidos!$D$2:$D$1401,N28,Partidos!$E$2:$E$1401)) | U28: =IF(N28="","",S28-T28) | V28: =IF(N28="","",P28*3+Q28) | W28: =IF(N28="","",V28*1000000+U28*1000+S28+(ROW()*0.0000001)) | X28: =IF(N28="","",RANK(W28,$W$2:$W$61)) | Y28: =IF(N28="","",O28-4) | Z28: =IF(N28="","",O28-3) | AA28: =IF(N28="","",O28-2) | AB28: =IF(N28="","",O28-1) | AC28: =IF(N28="","",O28-0) | AD28: =IF(OR(N28="",Y28=""),"",IF(Y28<1,"",IFERROR(MATCH($N28&"|"&Y28,Partidos!$Y:$Y,0),IFERROR(MATCH($N28&"|"&Y28,Partidos!$Z:$Z,0),"")))) | AE28: =IF(OR(N28="",Z28=""),"",IF(Z28<1,"",IFERROR(MATCH($N28&"|"&Z28,Partidos!$Y:$Y,0),IFERROR(MATCH($N28&"|"&Z28,Partidos!$Z:$Z,0),"")))) | AF28: =IF(OR(N28="",AA28=""),"",IF(AA28<1,"",IFERROR(MATCH($N28&"|"&AA28,Partidos!$Y:$Y,0),IFERROR(MATCH($N28&"|"&AA28,Partidos!$Z:$Z,0),"")))) | AG28: =IF(OR(N28="",AB28=""),"",IF(AB28<1,"",IFERROR(MATCH($N28&"|"&AB28,Partidos!$Y:$Y,0),IFERROR(MATCH($N28&"|"&AB28,Partidos!$Z:$Z,0),"")))) | AH28: =IF(OR(N28="",AC28=""),"",IF(AC28<1,"",IFERROR(MATCH($N28&"|"&AC28,Partidos!$Y:$Y,0),IFERROR(MATCH($N28&"|"&AC28,Partidos!$Z:$Z,0),"")))) | AI28: =IF(AD28="","",IF(INDEX(Partidos!$C:$C,AD28)=$N28,IF(INDEX(Partidos!$E:$E,AD28)>INDEX(Partidos!$F:$F,AD28),"V",IF(INDEX(Partidos!$E:$E,AD28)=INDEX(Partidos!$F:$F,AD28),"E","P")),IF(INDEX(Partidos!$F:$F,AD28)>INDEX(Partidos!$E:$E,AD28),"V",IF(INDEX(Partidos!$F:$F,AD28)=INDEX(Partidos!$E:$E,AD28),"E","P")))) | AJ28: =IF(AE28="","",IF(INDEX(Partidos!$C:$C,AE28)=$N28,IF(INDEX(Partidos!$E:$E,AE28)>INDEX(Partidos!$F:$F,AE28),"V",IF(INDEX(Partidos!$E:$E,AE28)=INDEX(Partidos!$F:$F,AE28),"E","P")),IF(INDEX(Partidos!$F:$F,AE28)>INDEX(Partidos!$E:$E,AE28),"V",IF(INDEX(Partidos!$F:$F,AE28)=INDEX(Partidos!$E:$E,AE28),"E","P")))) | AK28: =IF(AF28="","",IF(INDEX(Partidos!$C:$C,AF28)=$N28,IF(INDEX(Partidos!$E:$E,AF28)>INDEX(Partidos!$F:$F,AF28),"V",IF(INDEX(Partidos!$E:$E,AF28)=INDEX(Partidos!$F:$F,AF28),"E","P")),IF(INDEX(Partidos!$F:$F,AF28)>INDEX(Partidos!$E:$E,AF28),"V",IF(INDEX(Partidos!$F:$F,AF28)=INDEX(Partidos!$E:$E,AF28),"E","P")))) | AL28: =IF(AG28="","",IF(INDEX(Partidos!$C:$C,AG28)=$N28,IF(INDEX(Partidos!$E:$E,AG28)>INDEX(Partidos!$F:$F,AG28),"V",IF(INDEX(Partidos!$E:$E,AG28)=INDEX(Partidos!$F:$F,AG28),"E","P")),IF(INDEX(Partidos!$F:$F,AG28)>INDEX(Partidos!$E:$E,AG28),"V",IF(INDEX(Partidos!$F:$F,AG28)=INDEX(Partidos!$E:$E,AG28),"E","P")))) | AM28: =IF(AH28="","",IF(INDEX(Partidos!$C:$C,AH28)=$N28,IF(INDEX(Partidos!$E:$E,AH28)>INDEX(Partidos!$F:$F,AH28),"V",IF(INDEX(Partidos!$E:$E,AH28)=INDEX(Partidos!$F:$F,AH28),"E","P")),IF(INDEX(Partidos!$F:$F,AH28)>INDEX(Partidos!$E:$E,AH28),"V",IF(INDEX(Partidos!$F:$F,AH28)=INDEX(Partidos!$E:$E,AH28),"E","P")))) | AN28: =IF(N28="","",_xlfn.TEXTJOIN("-",TRUE(),AI28:AM28)) | AO28: =IF(N28="","",RANK(S28,$S$2:$S$61,0)) | AP28: =IF(AO28=1,SUMPRODUCT(($AO$2:AO28=1)*1),"") | AQ28: =IF(AO28=1,"GF|"&AP28,"") | AR28: =IF(N28="","",RANK(T28,$T$2:$T$61,1)) | AS28: =IF(AR28=1,SUMPRODUCT(($AR$2:AR28=1)*1),"") | AT28: =IF(AR28=1,"GC|"&AS28,"")
A29: =IF(COUNT($X$2:$X$61)>=28,28,"") | B29: =IF($A29="","",INDEX($N$2:$N$61,MATCH($A29,$X$2:$X$61,0))) | C29: =IF($A29="","",INDEX($O$2:$O$61,MATCH($A29,$X$2:$X$61,0))) | D29: =IF($A29="","",INDEX($P$2:$P$61,MATCH($A29,$X$2:$X$61,0))) | E29: =IF($A29="","",INDEX($Q$2:$Q$61,MATCH($A29,$X$2:$X$61,0))) | F29: =IF($A29="","",INDEX($R$2:$R$61,MATCH($A29,$X$2:$X$61,0))) | G29: =IF($A29="","",INDEX($S$2:$S$61,MATCH($A29,$X$2:$X$61,0))) | H29: =IF($A29="","",INDEX($T$2:$T$61,MATCH($A29,$X$2:$X$61,0))) | I29: =IF($A29="","",INDEX($U$2:$U$61,MATCH($A29,$X$2:$X$61,0))) | J29: =IF($A29="","",INDEX($V$2:$V$61,MATCH($A29,$X$2:$X$61,0))) | K29: =IF($A29="","",INDEX($AN$2:$AN$61,MATCH($A29,$X$2:$X$61,0))) | N29: =IFERROR(INDEX(Partidos!$C$2:$C$1401,MATCH("TEAM|28",Partidos!$AE$2:$AE$1401,0)),IFERROR(INDEX(Partidos!$D$2:$D$1401,MATCH("TEAM|28",Partidos!$AF$2:$AF$1401,0)),"")) | O29: =IF(N29="","",COUNTIF(Partidos!$C$2:$C$1401,N29)+COUNTIF(Partidos!$D$2:$D$1401,N29)) | P29: =IF(N29="","",SUMPRODUCT((Partidos!$C$2:$C$1401=N29)*(Partidos!$E$2:$E$1401>Partidos!$F$2:$F$1401))+SUMPRODUCT((Partidos!$D$2:$D$1401=N29)*(Partidos!$F$2:$F$1401>Partidos!$E$2:$E$1401))) | Q29: =IF(N29="","",SUMPRODUCT((((Partidos!$C$2:$C$1401=N29)+(Partidos!$D$2:$D$1401=N29)))*(Partidos!$E$2:$E$1401=Partidos!$F$2:$F$1401)*(Partidos!$C$2:$C$1401<>""))) | R29: =IF(N29="","",O29-P29-Q29) | S29: =IF(N29="","",SUMIF(Partidos!$C$2:$C$1401,N29,Partidos!$E$2:$E$1401)+SUMIF(Partidos!$D$2:$D$1401,N29,Partidos!$F$2:$F$1401)) | T29: =IF(N29="","",SUMIF(Partidos!$C$2:$C$1401,N29,Partidos!$F$2:$F$1401)+SUMIF(Partidos!$D$2:$D$1401,N29,Partidos!$E$2:$E$1401)) | U29: =IF(N29="","",S29-T29) | V29: =IF(N29="","",P29*3+Q29) | W29: =IF(N29="","",V29*1000000+U29*1000+S29+(ROW()*0.0000001)) | X29: =IF(N29="","",RANK(W29,$W$2:$W$61)) | Y29: =IF(N29="","",O29-4) | Z29: =IF(N29="","",O29-3) | AA29: =IF(N29="","",O29-2) | AB29: =IF(N29="","",O29-1) | AC29: =IF(N29="","",O29-0) | AD29: =IF(OR(N29="",Y29=""),"",IF(Y29<1,"",IFERROR(MATCH($N29&"|"&Y29,Partidos!$Y:$Y,0),IFERROR(MATCH($N29&"|"&Y29,Partidos!$Z:$Z,0),"")))) | AE29: =IF(OR(N29="",Z29=""),"",IF(Z29<1,"",IFERROR(MATCH($N29&"|"&Z29,Partidos!$Y:$Y,0),IFERROR(MATCH($N29&"|"&Z29,Partidos!$Z:$Z,0),"")))) | AF29: =IF(OR(N29="",AA29=""),"",IF(AA29<1,"",IFERROR(MATCH($N29&"|"&AA29,Partidos!$Y:$Y,0),IFERROR(MATCH($N29&"|"&AA29,Partidos!$Z:$Z,0),"")))) | AG29: =IF(OR(N29="",AB29=""),"",IF(AB29<1,"",IFERROR(MATCH($N29&"|"&AB29,Partidos!$Y:$Y,0),IFERROR(MATCH($N29&"|"&AB29,Partidos!$Z:$Z,0),"")))) | AH29: =IF(OR(N29="",AC29=""),"",IF(AC29<1,"",IFERROR(MATCH($N29&"|"&AC29,Partidos!$Y:$Y,0),IFERROR(MATCH($N29&"|"&AC29,Partidos!$Z:$Z,0),"")))) | AI29: =IF(AD29="","",IF(INDEX(Partidos!$C:$C,AD29)=$N29,IF(INDEX(Partidos!$E:$E,AD29)>INDEX(Partidos!$F:$F,AD29),"V",IF(INDEX(Partidos!$E:$E,AD29)=INDEX(Partidos!$F:$F,AD29),"E","P")),IF(INDEX(Partidos!$F:$F,AD29)>INDEX(Partidos!$E:$E,AD29),"V",IF(INDEX(Partidos!$F:$F,AD29)=INDEX(Partidos!$E:$E,AD29),"E","P")))) | AJ29: =IF(AE29="","",IF(INDEX(Partidos!$C:$C,AE29)=$N29,IF(INDEX(Partidos!$E:$E,AE29)>INDEX(Partidos!$F:$F,AE29),"V",IF(INDEX(Partidos!$E:$E,AE29)=INDEX(Partidos!$F:$F,AE29),"E","P")),IF(INDEX(Partidos!$F:$F,AE29)>INDEX(Partidos!$E:$E,AE29),"V",IF(INDEX(Partidos!$F:$F,AE29)=INDEX(Partidos!$E:$E,AE29),"E","P")))) | AK29: =IF(AF29="","",IF(INDEX(Partidos!$C:$C,AF29)=$N29,IF(INDEX(Partidos!$E:$E,AF29)>INDEX(Partidos!$F:$F,AF29),"V",IF(INDEX(Partidos!$E:$E,AF29)=INDEX(Partidos!$F:$F,AF29),"E","P")),IF(INDEX(Partidos!$F:$F,AF29)>INDEX(Partidos!$E:$E,AF29),"V",IF(INDEX(Partidos!$F:$F,AF29)=INDEX(Partidos!$E:$E,AF29),"E","P")))) | AL29: =IF(AG29="","",IF(INDEX(Partidos!$C:$C,AG29)=$N29,IF(INDEX(Partidos!$E:$E,AG29)>INDEX(Partidos!$F:$F,AG29),"V",IF(INDEX(Partidos!$E:$E,AG29)=INDEX(Partidos!$F:$F,AG29),"E","P")),IF(INDEX(Partidos!$F:$F,AG29)>INDEX(Partidos!$E:$E,AG29),"V",IF(INDEX(Partidos!$F:$F,AG29)=INDEX(Partidos!$E:$E,AG29),"E","P")))) | AM29: =IF(AH29="","",IF(INDEX(Partidos!$C:$C,AH29)=$N29,IF(INDEX(Partidos!$E:$E,AH29)>INDEX(Partidos!$F:$F,AH29),"V",IF(INDEX(Partidos!$E:$E,AH29)=INDEX(Partidos!$F:$F,AH29),"E","P")),IF(INDEX(Partidos!$F:$F,AH29)>INDEX(Partidos!$E:$E,AH29),"V",IF(INDEX(Partidos!$F:$F,AH29)=INDEX(Partidos!$E:$E,AH29),"E","P")))) | AN29: =IF(N29="","",_xlfn.TEXTJOIN("-",TRUE(),AI29:AM29)) | AO29: =IF(N29="","",RANK(S29,$S$2:$S$61,0)) | AP29: =IF(AO29=1,SUMPRODUCT(($AO$2:AO29=1)*1),"") | AQ29: =IF(AO29=1,"GF|"&AP29,"") | AR29: =IF(N29="","",RANK(T29,$T$2:$T$61,1)) | AS29: =IF(AR29=1,SUMPRODUCT(($AR$2:AR29=1)*1),"") | AT29: =IF(AR29=1,"GC|"&AS29,"")
A30: =IF(COUNT($X$2:$X$61)>=29,29,"") | B30: =IF($A30="","",INDEX($N$2:$N$61,MATCH($A30,$X$2:$X$61,0))) | C30: =IF($A30="","",INDEX($O$2:$O$61,MATCH($A30,$X$2:$X$61,0))) | D30: =IF($A30="","",INDEX($P$2:$P$61,MATCH($A30,$X$2:$X$61,0))) | E30: =IF($A30="","",INDEX($Q$2:$Q$61,MATCH($A30,$X$2:$X$61,0))) | F30: =IF($A30="","",INDEX($R$2:$R$61,MATCH($A30,$X$2:$X$61,0))) | G30: =IF($A30="","",INDEX($S$2:$S$61,MATCH($A30,$X$2:$X$61,0))) | H30: =IF($A30="","",INDEX($T$2:$T$61,MATCH($A30,$X$2:$X$61,0))) | I30: =IF($A30="","",INDEX($U$2:$U$61,MATCH($A30,$X$2:$X$61,0))) | J30: =IF($A30="","",INDEX($V$2:$V$61,MATCH($A30,$X$2:$X$61,0))) | K30: =IF($A30="","",INDEX($AN$2:$AN$61,MATCH($A30,$X$2:$X$61,0))) | N30: =IFERROR(INDEX(Partidos!$C$2:$C$1401,MATCH("TEAM|29",Partidos!$AE$2:$AE$1401,0)),IFERROR(INDEX(Partidos!$D$2:$D$1401,MATCH("TEAM|29",Partidos!$AF$2:$AF$1401,0)),"")) | O30: =IF(N30="","",COUNTIF(Partidos!$C$2:$C$1401,N30)+COUNTIF(Partidos!$D$2:$D$1401,N30)) | P30: =IF(N30="","",SUMPRODUCT((Partidos!$C$2:$C$1401=N30)*(Partidos!$E$2:$E$1401>Partidos!$F$2:$F$1401))+SUMPRODUCT((Partidos!$D$2:$D$1401=N30)*(Partidos!$F$2:$F$1401>Partidos!$E$2:$E$1401))) | Q30: =IF(N30="","",SUMPRODUCT((((Partidos!$C$2:$C$1401=N30)+(Partidos!$D$2:$D$1401=N30)))*(Partidos!$E$2:$E$1401=Partidos!$F$2:$F$1401)*(Partidos!$C$2:$C$1401<>""))) | R30: =IF(N30="","",O30-P30-Q30) | S30: =IF(N30="","",SUMIF(Partidos!$C$2:$C$1401,N30,Partidos!$E$2:$E$1401)+SUMIF(Partidos!$D$2:$D$1401,N30,Partidos!$F$2:$F$1401)) | T30: =IF(N30="","",SUMIF(Partidos!$C$2:$C$1401,N30,Partidos!$F$2:$F$1401)+SUMIF(Partidos!$D$2:$D$1401,N30,Partidos!$E$2:$E$1401)) | U30: =IF(N30="","",S30-T30) | V30: =IF(N30="","",P30*3+Q30) | W30: =IF(N30="","",V30*1000000+U30*1000+S30+(ROW()*0.0000001)) | X30: =IF(N30="","",RANK(W30,$W$2:$W$61)) | Y30: =IF(N30="","",O30-4) | Z30: =IF(N30="","",O30-3) | AA30: =IF(N30="","",O30-2) | AB30: =IF(N30="","",O30-1) | AC30: =IF(N30="","",O30-0) | AD30: =IF(OR(N30="",Y30=""),"",IF(Y30<1,"",IFERROR(MATCH($N30&"|"&Y30,Partidos!$Y:$Y,0),IFERROR(MATCH($N30&"|"&Y30,Partidos!$Z:$Z,0),"")))) | AE30: =IF(OR(N30="",Z30=""),"",IF(Z30<1,"",IFERROR(MATCH($N30&"|"&Z30,Partidos!$Y:$Y,0),IFERROR(MATCH($N30&"|"&Z30,Partidos!$Z:$Z,0),"")))) | AF30: =IF(OR(N30="",AA30=""),"",IF(AA30<1,"",IFERROR(MATCH($N30&"|"&AA30,Partidos!$Y:$Y,0),IFERROR(MATCH($N30&"|"&AA30,Partidos!$Z:$Z,0),"")))) | AG30: =IF(OR(N30="",AB30=""),"",IF(AB30<1,"",IFERROR(MATCH($N30&"|"&AB30,Partidos!$Y:$Y,0),IFERROR(MATCH($N30&"|"&AB30,Partidos!$Z:$Z,0),"")))) | AH30: =IF(OR(N30="",AC30=""),"",IF(AC30<1,"",IFERROR(MATCH($N30&"|"&AC30,Partidos!$Y:$Y,0),IFERROR(MATCH($N30&"|"&AC30,Partidos!$Z:$Z,0),"")))) | AI30: =IF(AD30="","",IF(INDEX(Partidos!$C:$C,AD30)=$N30,IF(INDEX(Partidos!$E:$E,AD30)>INDEX(Partidos!$F:$F,AD30),"V",IF(INDEX(Partidos!$E:$E,AD30)=INDEX(Partidos!$F:$F,AD30),"E","P")),IF(INDEX(Partidos!$F:$F,AD30)>INDEX(Partidos!$E:$E,AD30),"V",IF(INDEX(Partidos!$F:$F,AD30)=INDEX(Partidos!$E:$E,AD30),"E","P")))) | AJ30: =IF(AE30="","",IF(INDEX(Partidos!$C:$C,AE30)=$N30,IF(INDEX(Partidos!$E:$E,AE30)>INDEX(Partidos!$F:$F,AE30),"V",IF(INDEX(Partidos!$E:$E,AE30)=INDEX(Partidos!$F:$F,AE30),"E","P")),IF(INDEX(Partidos!$F:$F,AE30)>INDEX(Partidos!$E:$E,AE30),"V",IF(INDEX(Partidos!$F:$F,AE30)=INDEX(Partidos!$E:$E,AE30),"E","P")))) | AK30: =IF(AF30="","",IF(INDEX(Partidos!$C:$C,AF30)=$N30,IF(INDEX(Partidos!$E:$E,AF30)>INDEX(Partidos!$F:$F,AF30),"V",IF(INDEX(Partidos!$E:$E,AF30)=INDEX(Partidos!$F:$F,AF30),"E","P")),IF(INDEX(Partidos!$F:$F,AF30)>INDEX(Partidos!$E:$E,AF30),"V",IF(INDEX(Partidos!$F:$F,AF30)=INDEX(Partidos!$E:$E,AF30),"E","P")))) | AL30: =IF(AG30="","",IF(INDEX(Partidos!$C:$C,AG30)=$N30,IF(INDEX(Partidos!$E:$E,AG30)>INDEX(Partidos!$F:$F,AG30),"V",IF(INDEX(Partidos!$E:$E,AG30)=INDEX(Partidos!$F:$F,AG30),"E","P")),IF(INDEX(Partidos!$F:$F,AG30)>INDEX(Partidos!$E:$E,AG30),"V",IF(INDEX(Partidos!$F:$F,AG30)=INDEX(Partidos!$E:$E,AG30),"E","P")))) | AM30: =IF(AH30="","",IF(INDEX(Partidos!$C:$C,AH30)=$N30,IF(INDEX(Partidos!$E:$E,AH30)>INDEX(Partidos!$F:$F,AH30),"V",IF(INDEX(Partidos!$E:$E,AH30)=INDEX(Partidos!$F:$F,AH30),"E","P")),IF(INDEX(Partidos!$F:$F,AH30)>INDEX(Partidos!$E:$E,AH30),"V",IF(INDEX(Partidos!$F:$F,AH30)=INDEX(Partidos!$E:$E,AH30),"E","P")))) | AN30: =IF(N30="","",_xlfn.TEXTJOIN("-",TRUE(),AI30:AM30)) | AO30: =IF(N30="","",RANK(S30,$S$2:$S$61,0)) | AP30: =IF(AO30=1,SUMPRODUCT(($AO$2:AO30=1)*1),"") | AQ30: =IF(AO30=1,"GF|"&AP30,"") | AR30: =IF(N30="","",RANK(T30,$T$2:$T$61,1)) | AS30: =IF(AR30=1,SUMPRODUCT(($AR$2:AR30=1)*1),"") | AT30: =IF(AR30=1,"GC|"&AS30,"")
A31: =IF(COUNT($X$2:$X$61)>=30,30,"") | B31: =IF($A31="","",INDEX($N$2:$N$61,MATCH($A31,$X$2:$X$61,0))) | C31: =IF($A31="","",INDEX($O$2:$O$61,MATCH($A31,$X$2:$X$61,0))) | D31: =IF($A31="","",INDEX($P$2:$P$61,MATCH($A31,$X$2:$X$61,0))) | E31: =IF($A31="","",INDEX($Q$2:$Q$61,MATCH($A31,$X$2:$X$61,0))) | F31: =IF($A31="","",INDEX($R$2:$R$61,MATCH($A31,$X$2:$X$61,0))) | G31: =IF($A31="","",INDEX($S$2:$S$61,MATCH($A31,$X$2:$X$61,0))) | H31: =IF($A31="","",INDEX($T$2:$T$61,MATCH($A31,$X$2:$X$61,0))) | I31: =IF($A31="","",INDEX($U$2:$U$61,MATCH($A31,$X$2:$X$61,0))) | J31: =IF($A31="","",INDEX($V$2:$V$61,MATCH($A31,$X$2:$X$61,0))) | K31: =IF($A31="","",INDEX($AN$2:$AN$61,MATCH($A31,$X$2:$X$61,0))) | N31: =IFERROR(INDEX(Partidos!$C$2:$C$1401,MATCH("TEAM|30",Partidos!$AE$2:$AE$1401,0)),IFERROR(INDEX(Partidos!$D$2:$D$1401,MATCH("TEAM|30",Partidos!$AF$2:$AF$1401,0)),"")) | O31: =IF(N31="","",COUNTIF(Partidos!$C$2:$C$1401,N31)+COUNTIF(Partidos!$D$2:$D$1401,N31)) | P31: =IF(N31="","",SUMPRODUCT((Partidos!$C$2:$C$1401=N31)*(Partidos!$E$2:$E$1401>Partidos!$F$2:$F$1401))+SUMPRODUCT((Partidos!$D$2:$D$1401=N31)*(Partidos!$F$2:$F$1401>Partidos!$E$2:$E$1401))) | Q31: =IF(N31="","",SUMPRODUCT((((Partidos!$C$2:$C$1401=N31)+(Partidos!$D$2:$D$1401=N31)))*(Partidos!$E$2:$E$1401=Partidos!$F$2:$F$1401)*(Partidos!$C$2:$C$1401<>""))) | R31: =IF(N31="","",O31-P31-Q31) | S31: =IF(N31="","",SUMIF(Partidos!$C$2:$C$1401,N31,Partidos!$E$2:$E$1401)+SUMIF(Partidos!$D$2:$D$1401,N31,Partidos!$F$2:$F$1401)) | T31: =IF(N31="","",SUMIF(Partidos!$C$2:$C$1401,N31,Partidos!$F$2:$F$1401)+SUMIF(Partidos!$D$2:$D$1401,N31,Partidos!$E$2:$E$1401)) | U31: =IF(N31="","",S31-T31) | V31: =IF(N31="","",P31*3+Q31) | W31: =IF(N31="","",V31*1000000+U31*1000+S31+(ROW()*0.0000001)) | X31: =IF(N31="","",RANK(W31,$W$2:$W$61)) | Y31: =IF(N31="","",O31-4) | Z31: =IF(N31="","",O31-3) | AA31: =IF(N31="","",O31-2) | AB31: =IF(N31="","",O31-1) | AC31: =IF(N31="","",O31-0) | AD31: =IF(OR(N31="",Y31=""),"",IF(Y31<1,"",IFERROR(MATCH($N31&"|"&Y31,Partidos!$Y:$Y,0),IFERROR(MATCH($N31&"|"&Y31,Partidos!$Z:$Z,0),"")))) | AE31: =IF(OR(N31="",Z31=""),"",IF(Z31<1,"",IFERROR(MATCH($N31&"|"&Z31,Partidos!$Y:$Y,0),IFERROR(MATCH($N31&"|"&Z31,Partidos!$Z:$Z,0),"")))) | AF31: =IF(OR(N31="",AA31=""),"",IF(AA31<1,"",IFERROR(MATCH($N31&"|"&AA31,Partidos!$Y:$Y,0),IFERROR(MATCH($N31&"|"&AA31,Partidos!$Z:$Z,0),"")))) | AG31: =IF(OR(N31="",AB31=""),"",IF(AB31<1,"",IFERROR(MATCH($N31&"|"&AB31,Partidos!$Y:$Y,0),IFERROR(MATCH($N31&"|"&AB31,Partidos!$Z:$Z,0),"")))) | AH31: =IF(OR(N31="",AC31=""),"",IF(AC31<1,"",IFERROR(MATCH($N31&"|"&AC31,Partidos!$Y:$Y,0),IFERROR(MATCH($N31&"|"&AC31,Partidos!$Z:$Z,0),"")))) | AI31: =IF(AD31="","",IF(INDEX(Partidos!$C:$C,AD31)=$N31,IF(INDEX(Partidos!$E:$E,AD31)>INDEX(Partidos!$F:$F,AD31),"V",IF(INDEX(Partidos!$E:$E,AD31)=INDEX(Partidos!$F:$F,AD31),"E","P")),IF(INDEX(Partidos!$F:$F,AD31)>INDEX(Partidos!$E:$E,AD31),"V",IF(INDEX(Partidos!$F:$F,AD31)=INDEX(Partidos!$E:$E,AD31),"E","P")))) | AJ31: =IF(AE31="","",IF(INDEX(Partidos!$C:$C,AE31)=$N31,IF(INDEX(Partidos!$E:$E,AE31)>INDEX(Partidos!$F:$F,AE31),"V",IF(INDEX(Partidos!$E:$E,AE31)=INDEX(Partidos!$F:$F,AE31),"E","P")),IF(INDEX(Partidos!$F:$F,AE31)>INDEX(Partidos!$E:$E,AE31),"V",IF(INDEX(Partidos!$F:$F,AE31)=INDEX(Partidos!$E:$E,AE31),"E","P")))) | AK31: =IF(AF31="","",IF(INDEX(Partidos!$C:$C,AF31)=$N31,IF(INDEX(Partidos!$E:$E,AF31)>INDEX(Partidos!$F:$F,AF31),"V",IF(INDEX(Partidos!$E:$E,AF31)=INDEX(Partidos!$F:$F,AF31),"E","P")),IF(INDEX(Partidos!$F:$F,AF31)>INDEX(Partidos!$E:$E,AF31),"V",IF(INDEX(Partidos!$F:$F,AF31)=INDEX(Partidos!$E:$E,AF31),"E","P")))) | AL31: =IF(AG31="","",IF(INDEX(Partidos!$C:$C,AG31)=$N31,IF(INDEX(Partidos!$E:$E,AG31)>INDEX(Partidos!$F:$F,AG31),"V",IF(INDEX(Partidos!$E:$E,AG31)=INDEX(Partidos!$F:$F,AG31),"E","P")),IF(INDEX(Partidos!$F:$F,AG31)>INDEX(Partidos!$E:$E,AG31),"V",IF(INDEX(Partidos!$F:$F,AG31)=INDEX(Partidos!$E:$E,AG31),"E","P")))) | AM31: =IF(AH31="","",IF(INDEX(Partidos!$C:$C,AH31)=$N31,IF(INDEX(Partidos!$E:$E,AH31)>INDEX(Partidos!$F:$F,AH31),"V",IF(INDEX(Partidos!$E:$E,AH31)=INDEX(Partidos!$F:$F,AH31),"E","P")),IF(INDEX(Partidos!$F:$F,AH31)>INDEX(Partidos!$E:$E,AH31),"V",IF(INDEX(Partidos!$F:$F,AH31)=INDEX(Partidos!$E:$E,AH31),"E","P")))) | AN31: =IF(N31="","",_xlfn.TEXTJOIN("-",TRUE(),AI31:AM31)) | AO31: =IF(N31="","",RANK(S31,$S$2:$S$61,0)) | AP31: =IF(AO31=1,SUMPRODUCT(($AO$2:AO31=1)*1),"") | AQ31: =IF(AO31=1,"GF|"&AP31,"") | AR31: =IF(N31="","",RANK(T31,$T$2:$T$61,1)) | AS31: =IF(AR31=1,SUMPRODUCT(($AR$2:AR31=1)*1),"") | AT31: =IF(AR31=1,"GC|"&AS31,"")
A32: =IF(COUNT($X$2:$X$61)>=31,31,"") | B32: =IF($A32="","",INDEX($N$2:$N$61,MATCH($A32,$X$2:$X$61,0))) | C32: =IF($A32="","",INDEX($O$2:$O$61,MATCH($A32,$X$2:$X$61,0))) | D32: =IF($A32="","",INDEX($P$2:$P$61,MATCH($A32,$X$2:$X$61,0))) | E32: =IF($A32="","",INDEX($Q$2:$Q$61,MATCH($A32,$X$2:$X$61,0))) | F32: =IF($A32="","",INDEX($R$2:$R$61,MATCH($A32,$X$2:$X$61,0))) | G32: =IF($A32="","",INDEX($S$2:$S$61,MATCH($A32,$X$2:$X$61,0))) | H32: =IF($A32="","",INDEX($T$2:$T$61,MATCH($A32,$X$2:$X$61,0))) | I32: =IF($A32="","",INDEX($U$2:$U$61,MATCH($A32,$X$2:$X$61,0))) | J32: =IF($A32="","",INDEX($V$2:$V$61,MATCH($A32,$X$2:$X$61,0))) | K32: =IF($A32="","",INDEX($AN$2:$AN$61,MATCH($A32,$X$2:$X$61,0))) | N32: =IFERROR(INDEX(Partidos!$C$2:$C$1401,MATCH("TEAM|31",Partidos!$AE$2:$AE$1401,0)),IFERROR(INDEX(Partidos!$D$2:$D$1401,MATCH("TEAM|31",Partidos!$AF$2:$AF$1401,0)),"")) | O32: =IF(N32="","",COUNTIF(Partidos!$C$2:$C$1401,N32)+COUNTIF(Partidos!$D$2:$D$1401,N32)) | P32: =IF(N32="","",SUMPRODUCT((Partidos!$C$2:$C$1401=N32)*(Partidos!$E$2:$E$1401>Partidos!$F$2:$F$1401))+SUMPRODUCT((Partidos!$D$2:$D$1401=N32)*(Partidos!$F$2:$F$1401>Partidos!$E$2:$E$1401))) | Q32: =IF(N32="","",SUMPRODUCT((((Partidos!$C$2:$C$1401=N32)+(Partidos!$D$2:$D$1401=N32)))*(Partidos!$E$2:$E$1401=Partidos!$F$2:$F$1401)*(Partidos!$C$2:$C$1401<>""))) | R32: =IF(N32="","",O32-P32-Q32) | S32: =IF(N32="","",SUMIF(Partidos!$C$2:$C$1401,N32,Partidos!$E$2:$E$1401)+SUMIF(Partidos!$D$2:$D$1401,N32,Partidos!$F$2:$F$1401)) | T32: =IF(N32="","",SUMIF(Partidos!$C$2:$C$1401,N32,Partidos!$F$2:$F$1401)+SUMIF(Partidos!$D$2:$D$1401,N32,Partidos!$E$2:$E$1401)) | U32: =IF(N32="","",S32-T32) | V32: =IF(N32="","",P32*3+Q32) | W32: =IF(N32="","",V32*1000000+U32*1000+S32+(ROW()*0.0000001)) | X32: =IF(N32="","",RANK(W32,$W$2:$W$61)) | Y32: =IF(N32="","",O32-4) | Z32: =IF(N32="","",O32-3) | AA32: =IF(N32="","",O32-2) | AB32: =IF(N32="","",O32-1) | AC32: =IF(N32="","",O32-0) | AD32: =IF(OR(N32="",Y32=""),"",IF(Y32<1,"",IFERROR(MATCH($N32&"|"&Y32,Partidos!$Y:$Y,0),IFERROR(MATCH($N32&"|"&Y32,Partidos!$Z:$Z,0),"")))) | AE32: =IF(OR(N32="",Z32=""),"",IF(Z32<1,"",IFERROR(MATCH($N32&"|"&Z32,Partidos!$Y:$Y,0),IFERROR(MATCH($N32&"|"&Z32,Partidos!$Z:$Z,0),"")))) | AF32: =IF(OR(N32="",AA32=""),"",IF(AA32<1,"",IFERROR(MATCH($N32&"|"&AA32,Partidos!$Y:$Y,0),IFERROR(MATCH($N32&"|"&AA32,Partidos!$Z:$Z,0),"")))) | AG32: =IF(OR(N32="",AB32=""),"",IF(AB32<1,"",IFERROR(MATCH($N32&"|"&AB32,Partidos!$Y:$Y,0),IFERROR(MATCH($N32&"|"&AB32,Partidos!$Z:$Z,0),"")))) | AH32: =IF(OR(N32="",AC32=""),"",IF(AC32<1,"",IFERROR(MATCH($N32&"|"&AC32,Partidos!$Y:$Y,0),IFERROR(MATCH($N32&"|"&AC32,Partidos!$Z:$Z,0),"")))) | AI32: =IF(AD32="","",IF(INDEX(Partidos!$C:$C,AD32)=$N32,IF(INDEX(Partidos!$E:$E,AD32)>INDEX(Partidos!$F:$F,AD32),"V",IF(INDEX(Partidos!$E:$E,AD32)=INDEX(Partidos!$F:$F,AD32),"E","P")),IF(INDEX(Partidos!$F:$F,AD32)>INDEX(Partidos!$E:$E,AD32),"V",IF(INDEX(Partidos!$F:$F,AD32)=INDEX(Partidos!$E:$E,AD32),"E","P")))) | AJ32: =IF(AE32="","",IF(INDEX(Partidos!$C:$C,AE32)=$N32,IF(INDEX(Partidos!$E:$E,AE32)>INDEX(Partidos!$F:$F,AE32),"V",IF(INDEX(Partidos!$E:$E,AE32)=INDEX(Partidos!$F:$F,AE32),"E","P")),IF(INDEX(Partidos!$F:$F,AE32)>INDEX(Partidos!$E:$E,AE32),"V",IF(INDEX(Partidos!$F:$F,AE32)=INDEX(Partidos!$E:$E,AE32),"E","P")))) | AK32: =IF(AF32="","",IF(INDEX(Partidos!$C:$C,AF32)=$N32,IF(INDEX(Partidos!$E:$E,AF32)>INDEX(Partidos!$F:$F,AF32),"V",IF(INDEX(Partidos!$E:$E,AF32)=INDEX(Partidos!$F:$F,AF32),"E","P")),IF(INDEX(Partidos!$F:$F,AF32)>INDEX(Partidos!$E:$E,AF32),"V",IF(INDEX(Partidos!$F:$F,AF32)=INDEX(Partidos!$E:$E,AF32),"E","P")))) | AL32: =IF(AG32="","",IF(INDEX(Partidos!$C:$C,AG32)=$N32,IF(INDEX(Partidos!$E:$E,AG32)>INDEX(Partidos!$F:$F,AG32),"V",IF(INDEX(Partidos!$E:$E,AG32)=INDEX(Partidos!$F:$F,AG32),"E","P")),IF(INDEX(Partidos!$F:$F,AG32)>INDEX(Partidos!$E:$E,AG32),"V",IF(INDEX(Partidos!$F:$F,AG32)=INDEX(Partidos!$E:$E,AG32),"E","P")))) | AM32: =IF(AH32="","",IF(INDEX(Partidos!$C:$C,AH32)=$N32,IF(INDEX(Partidos!$E:$E,AH32)>INDEX(Partidos!$F:$F,AH32),"V",IF(INDEX(Partidos!$E:$E,AH32)=INDEX(Partidos!$F:$F,AH32),"E","P")),IF(INDEX(Partidos!$F:$F,AH32)>INDEX(Partidos!$E:$E,AH32),"V",IF(INDEX(Partidos!$F:$F,AH32)=INDEX(Partidos!$E:$E,AH32),"E","P")))) | AN32: =IF(N32="","",_xlfn.TEXTJOIN("-",TRUE(),AI32:AM32)) | AO32: =IF(N32="","",RANK(S32,$S$2:$S$61,0)) | AP32: =IF(AO32=1,SUMPRODUCT(($AO$2:AO32=1)*1),"") | AQ32: =IF(AO32=1,"GF|"&AP32,"") | AR32: =IF(N32="","",RANK(T32,$T$2:$T$61,1)) | AS32: =IF(AR32=1,SUMPRODUCT(($AR$2:AR32=1)*1),"") | AT32: =IF(AR32=1,"GC|"&AS32,"")
A33: =IF(COUNT($X$2:$X$61)>=32,32,"") | B33: =IF($A33="","",INDEX($N$2:$N$61,MATCH($A33,$X$2:$X$61,0))) | C33: =IF($A33="","",INDEX($O$2:$O$61,MATCH($A33,$X$2:$X$61,0))) | D33: =IF($A33="","",INDEX($P$2:$P$61,MATCH($A33,$X$2:$X$61,0))) | E33: =IF($A33="","",INDEX($Q$2:$Q$61,MATCH($A33,$X$2:$X$61,0))) | F33: =IF($A33="","",INDEX($R$2:$R$61,MATCH($A33,$X$2:$X$61,0))) | G33: =IF($A33="","",INDEX($S$2:$S$61,MATCH($A33,$X$2:$X$61,0))) | H33: =IF($A33="","",INDEX($T$2:$T$61,MATCH($A33,$X$2:$X$61,0))) | I33: =IF($A33="","",INDEX($U$2:$U$61,MATCH($A33,$X$2:$X$61,0))) | J33: =IF($A33="","",INDEX($V$2:$V$61,MATCH($A33,$X$2:$X$61,0))) | K33: =IF($A33="","",INDEX($AN$2:$AN$61,MATCH($A33,$X$2:$X$61,0))) | N33: =IFERROR(INDEX(Partidos!$C$2:$C$1401,MATCH("TEAM|32",Partidos!$AE$2:$AE$1401,0)),IFERROR(INDEX(Partidos!$D$2:$D$1401,MATCH("TEAM|32",Partidos!$AF$2:$AF$1401,0)),"")) | O33: =IF(N33="","",COUNTIF(Partidos!$C$2:$C$1401,N33)+COUNTIF(Partidos!$D$2:$D$1401,N33)) | P33: =IF(N33="","",SUMPRODUCT((Partidos!$C$2:$C$1401=N33)*(Partidos!$E$2:$E$1401>Partidos!$F$2:$F$1401))+SUMPRODUCT((Partidos!$D$2:$D$1401=N33)*(Partidos!$F$2:$F$1401>Partidos!$E$2:$E$1401))) | Q33: =IF(N33="","",SUMPRODUCT((((Partidos!$C$2:$C$1401=N33)+(Partidos!$D$2:$D$1401=N33)))*(Partidos!$E$2:$E$1401=Partidos!$F$2:$F$1401)*(Partidos!$C$2:$C$1401<>""))) | R33: =IF(N33="","",O33-P33-Q33) | S33: =IF(N33="","",SUMIF(Partidos!$C$2:$C$1401,N33,Partidos!$E$2:$E$1401)+SUMIF(Partidos!$D$2:$D$1401,N33,Partidos!$F$2:$F$1401)) | T33: =IF(N33="","",SUMIF(Partidos!$C$2:$C$1401,N33,Partidos!$F$2:$F$1401)+SUMIF(Partidos!$D$2:$D$1401,N33,Partidos!$E$2:$E$1401)) | U33: =IF(N33="","",S33-T33) | V33: =IF(N33="","",P33*3+Q33) | W33: =IF(N33="","",V33*1000000+U33*1000+S33+(ROW()*0.0000001)) | X33: =IF(N33="","",RANK(W33,$W$2:$W$61)) | Y33: =IF(N33="","",O33-4) | Z33: =IF(N33="","",O33-3) | AA33: =IF(N33="","",O33-2) | AB33: =IF(N33="","",O33-1) | AC33: =IF(N33="","",O33-0) | AD33: =IF(OR(N33="",Y33=""),"",IF(Y33<1,"",IFERROR(MATCH($N33&"|"&Y33,Partidos!$Y:$Y,0),IFERROR(MATCH($N33&"|"&Y33,Partidos!$Z:$Z,0),"")))) | AE33: =IF(OR(N33="",Z33=""),"",IF(Z33<1,"",IFERROR(MATCH($N33&"|"&Z33,Partidos!$Y:$Y,0),IFERROR(MATCH($N33&"|"&Z33,Partidos!$Z:$Z,0),"")))) | AF33: =IF(OR(N33="",AA33=""),"",IF(AA33<1,"",IFERROR(MATCH($N33&"|"&AA33,Partidos!$Y:$Y,0),IFERROR(MATCH($N33&"|"&AA33,Partidos!$Z:$Z,0),"")))) | AG33: =IF(OR(N33="",AB33=""),"",IF(AB33<1,"",IFERROR(MATCH($N33&"|"&AB33,Partidos!$Y:$Y,0),IFERROR(MATCH($N33&"|"&AB33,Partidos!$Z:$Z,0),"")))) | AH33: =IF(OR(N33="",AC33=""),"",IF(AC33<1,"",IFERROR(MATCH($N33&"|"&AC33,Partidos!$Y:$Y,0),IFERROR(MATCH($N33&"|"&AC33,Partidos!$Z:$Z,0),"")))) | AI33: =IF(AD33="","",IF(INDEX(Partidos!$C:$C,AD33)=$N33,IF(INDEX(Partidos!$E:$E,AD33)>INDEX(Partidos!$F:$F,AD33),"V",IF(INDEX(Partidos!$E:$E,AD33)=INDEX(Partidos!$F:$F,AD33),"E","P")),IF(INDEX(Partidos!$F:$F,AD33)>INDEX(Partidos!$E:$E,AD33),"V",IF(INDEX(Partidos!$F:$F,AD33)=INDEX(Partidos!$E:$E,AD33),"E","P")))) | AJ33: =IF(AE33="","",IF(INDEX(Partidos!$C:$C,AE33)=$N33,IF(INDEX(Partidos!$E:$E,AE33)>INDEX(Partidos!$F:$F,AE33),"V",IF(INDEX(Partidos!$E:$E,AE33)=INDEX(Partidos!$F:$F,AE33),"E","P")),IF(INDEX(Partidos!$F:$F,AE33)>INDEX(Partidos!$E:$E,AE33),"V",IF(INDEX(Partidos!$F:$F,AE33)=INDEX(Partidos!$E:$E,AE33),"E","P")))) | AK33: =IF(AF33="","",IF(INDEX(Partidos!$C:$C,AF33)=$N33,IF(INDEX(Partidos!$E:$E,AF33)>INDEX(Partidos!$F:$F,AF33),"V",IF(INDEX(Partidos!$E:$E,AF33)=INDEX(Partidos!$F:$F,AF33),"E","P")),IF(INDEX(Partidos!$F:$F,AF33)>INDEX(Partidos!$E:$E,AF33),"V",IF(INDEX(Partidos!$F:$F,AF33)=INDEX(Partidos!$E:$E,AF33),"E","P")))) | AL33: =IF(AG33="","",IF(INDEX(Partidos!$C:$C,AG33)=$N33,IF(INDEX(Partidos!$E:$E,AG33)>INDEX(Partidos!$F:$F,AG33),"V",IF(INDEX(Partidos!$E:$E,AG33)=INDEX(Partidos!$F:$F,AG33),"E","P")),IF(INDEX(Partidos!$F:$F,AG33)>INDEX(Partidos!$E:$E,AG33),"V",IF(INDEX(Partidos!$F:$F,AG33)=INDEX(Partidos!$E:$E,AG33),"E","P")))) | AM33: =IF(AH33="","",IF(INDEX(Partidos!$C:$C,AH33)=$N33,IF(INDEX(Partidos!$E:$E,AH33)>INDEX(Partidos!$F:$F,AH33),"V",IF(INDEX(Partidos!$E:$E,AH33)=INDEX(Partidos!$F:$F,AH33),"E","P")),IF(INDEX(Partidos!$F:$F,AH33)>INDEX(Partidos!$E:$E,AH33),"V",IF(INDEX(Partidos!$F:$F,AH33)=INDEX(Partidos!$E:$E,AH33),"E","P")))) | AN33: =IF(N33="","",_xlfn.TEXTJOIN("-",TRUE(),AI33:AM33)) | AO33: =IF(N33="","",RANK(S33,$S$2:$S$61,0)) | AP33: =IF(AO33=1,SUMPRODUCT(($AO$2:AO33=1)*1),"") | AQ33: =IF(AO33=1,"GF|"&AP33,"") | AR33: =IF(N33="","",RANK(T33,$T$2:$T$61,1)) | AS33: =IF(AR33=1,SUMPRODUCT(($AR$2:AR33=1)*1),"") | AT33: =IF(AR33=1,"GC|"&AS33,"")
A34: =IF(COUNT($X$2:$X$61)>=33,33,"") | B34: =IF($A34="","",INDEX($N$2:$N$61,MATCH($A34,$X$2:$X$61,0))) | C34: =IF($A34="","",INDEX($O$2:$O$61,MATCH($A34,$X$2:$X$61,0))) | D34: =IF($A34="","",INDEX($P$2:$P$61,MATCH($A34,$X$2:$X$61,0))) | E34: =IF($A34="","",INDEX($Q$2:$Q$61,MATCH($A34,$X$2:$X$61,0))) | F34: =IF($A34="","",INDEX($R$2:$R$61,MATCH($A34,$X$2:$X$61,0))) | G34: =IF($A34="","",INDEX($S$2:$S$61,MATCH($A34,$X$2:$X$61,0))) | H34: =IF($A34="","",INDEX($T$2:$T$61,MATCH($A34,$X$2:$X$61,0))) | I34: =IF($A34="","",INDEX($U$2:$U$61,MATCH($A34,$X$2:$X$61,0))) | J34: =IF($A34="","",INDEX($V$2:$V$61,MATCH($A34,$X$2:$X$61,0))) | K34: =IF($A34="","",INDEX($AN$2:$AN$61,MATCH($A34,$X$2:$X$61,0))) | N34: =IFERROR(INDEX(Partidos!$C$2:$C$1401,MATCH("TEAM|33",Partidos!$AE$2:$AE$1401,0)),IFERROR(INDEX(Partidos!$D$2:$D$1401,MATCH("TEAM|33",Partidos!$AF$2:$AF$1401,0)),"")) | O34: =IF(N34="","",COUNTIF(Partidos!$C$2:$C$1401,N34)+COUNTIF(Partidos!$D$2:$D$1401,N34)) | P34: =IF(N34="","",SUMPRODUCT((Partidos!$C$2:$C$1401=N34)*(Partidos!$E$2:$E$1401>Partidos!$F$2:$F$1401))+SUMPRODUCT((Partidos!$D$2:$D$1401=N34)*(Partidos!$F$2:$F$1401>Partidos!$E$2:$E$1401))) | Q34: =IF(N34="","",SUMPRODUCT((((Partidos!$C$2:$C$1401=N34)+(Partidos!$D$2:$D$1401=N34)))*(Partidos!$E$2:$E$1401=Partidos!$F$2:$F$1401)*(Partidos!$C$2:$C$1401<>""))) | R34: =IF(N34="","",O34-P34-Q34) | S34: =IF(N34="","",SUMIF(Partidos!$C$2:$C$1401,N34,Partidos!$E$2:$E$1401)+SUMIF(Partidos!$D$2:$D$1401,N34,Partidos!$F$2:$F$1401)) | T34: =IF(N34="","",SUMIF(Partidos!$C$2:$C$1401,N34,Partidos!$F$2:$F$1401)+SUMIF(Partidos!$D$2:$D$1401,N34,Partidos!$E$2:$E$1401)) | U34: =IF(N34="","",S34-T34) | V34: =IF(N34="","",P34*3+Q34) | W34: =IF(N34="","",V34*1000000+U34*1000+S34+(ROW()*0.0000001)) | X34: =IF(N34="","",RANK(W34,$W$2:$W$61)) | Y34: =IF(N34="","",O34-4) | Z34: =IF(N34="","",O34-3) | AA34: =IF(N34="","",O34-2) | AB34: =IF(N34="","",O34-1) | AC34: =IF(N34="","",O34-0) | AD34: =IF(OR(N34="",Y34=""),"",IF(Y34<1,"",IFERROR(MATCH($N34&"|"&Y34,Partidos!$Y:$Y,0),IFERROR(MATCH($N34&"|"&Y34,Partidos!$Z:$Z,0),"")))) | AE34: =IF(OR(N34="",Z34=""),"",IF(Z34<1,"",IFERROR(MATCH($N34&"|"&Z34,Partidos!$Y:$Y,0),IFERROR(MATCH($N34&"|"&Z34,Partidos!$Z:$Z,0),"")))) | AF34: =IF(OR(N34="",AA34=""),"",IF(AA34<1,"",IFERROR(MATCH($N34&"|"&AA34,Partidos!$Y:$Y,0),IFERROR(MATCH($N34&"|"&AA34,Partidos!$Z:$Z,0),"")))) | AG34: =IF(OR(N34="",AB34=""),"",IF(AB34<1,"",IFERROR(MATCH($N34&"|"&AB34,Partidos!$Y:$Y,0),IFERROR(MATCH($N34&"|"&AB34,Partidos!$Z:$Z,0),"")))) | AH34: =IF(OR(N34="",AC34=""),"",IF(AC34<1,"",IFERROR(MATCH($N34&"|"&AC34,Partidos!$Y:$Y,0),IFERROR(MATCH($N34&"|"&AC34,Partidos!$Z:$Z,0),"")))) | AI34: =IF(AD34="","",IF(INDEX(Partidos!$C:$C,AD34)=$N34,IF(INDEX(Partidos!$E:$E,AD34)>INDEX(Partidos!$F:$F,AD34),"V",IF(INDEX(Partidos!$E:$E,AD34)=INDEX(Partidos!$F:$F,AD34),"E","P")),IF(INDEX(Partidos!$F:$F,AD34)>INDEX(Partidos!$E:$E,AD34),"V",IF(INDEX(Partidos!$F:$F,AD34)=INDEX(Partidos!$E:$E,AD34),"E","P")))) | AJ34: =IF(AE34="","",IF(INDEX(Partidos!$C:$C,AE34)=$N34,IF(INDEX(Partidos!$E:$E,AE34)>INDEX(Partidos!$F:$F,AE34),"V",IF(INDEX(Partidos!$E:$E,AE34)=INDEX(Partidos!$F:$F,AE34),"E","P")),IF(INDEX(Partidos!$F:$F,AE34)>INDEX(Partidos!$E:$E,AE34),"V",IF(INDEX(Partidos!$F:$F,AE34)=INDEX(Partidos!$E:$E,AE34),"E","P")))) | AK34: =IF(AF34="","",IF(INDEX(Partidos!$C:$C,AF34)=$N34,IF(INDEX(Partidos!$E:$E,AF34)>INDEX(Partidos!$F:$F,AF34),"V",IF(INDEX(Partidos!$E:$E,AF34)=INDEX(Partidos!$F:$F,AF34),"E","P")),IF(INDEX(Partidos!$F:$F,AF34)>INDEX(Partidos!$E:$E,AF34),"V",IF(INDEX(Partidos!$F:$F,AF34)=INDEX(Partidos!$E:$E,AF34),"E","P")))) | AL34: =IF(AG34="","",IF(INDEX(Partidos!$C:$C,AG34)=$N34,IF(INDEX(Partidos!$E:$E,AG34)>INDEX(Partidos!$F:$F,AG34),"V",IF(INDEX(Partidos!$E:$E,AG34)=INDEX(Partidos!$F:$F,AG34),"E","P")),IF(INDEX(Partidos!$F:$F,AG34)>INDEX(Partidos!$E:$E,AG34),"V",IF(INDEX(Partidos!$F:$F,AG34)=INDEX(Partidos!$E:$E,AG34),"E","P")))) | AM34: =IF(AH34="","",IF(INDEX(Partidos!$C:$C,AH34)=$N34,IF(INDEX(Partidos!$E:$E,AH34)>INDEX(Partidos!$F:$F,AH34),"V",IF(INDEX(Partidos!$E:$E,AH34)=INDEX(Partidos!$F:$F,AH34),"E","P")),IF(INDEX(Partidos!$F:$F,AH34)>INDEX(Partidos!$E:$E,AH34),"V",IF(INDEX(Partidos!$F:$F,AH34)=INDEX(Partidos!$E:$E,AH34),"E","P")))) | AN34: =IF(N34="","",_xlfn.TEXTJOIN("-",TRUE(),AI34:AM34)) | AO34: =IF(N34="","",RANK(S34,$S$2:$S$61,0)) | AP34: =IF(AO34=1,SUMPRODUCT(($AO$2:AO34=1)*1),"") | AQ34: =IF(AO34=1,"GF|"&AP34,"") | AR34: =IF(N34="","",RANK(T34,$T$2:$T$61,1)) | AS34: =IF(AR34=1,SUMPRODUCT(($AR$2:AR34=1)*1),"") | AT34: =IF(AR34=1,"GC|"&AS34,"")
A35: =IF(COUNT($X$2:$X$61)>=34,34,"") | B35: =IF($A35="","",INDEX($N$2:$N$61,MATCH($A35,$X$2:$X$61,0))) | C35: =IF($A35="","",INDEX($O$2:$O$61,MATCH($A35,$X$2:$X$61,0))) | D35: =IF($A35="","",INDEX($P$2:$P$61,MATCH($A35,$X$2:$X$61,0))) | E35: =IF($A35="","",INDEX($Q$2:$Q$61,MATCH($A35,$X$2:$X$61,0))) | F35: =IF($A35="","",INDEX($R$2:$R$61,MATCH($A35,$X$2:$X$61,0))) | G35: =IF($A35="","",INDEX($S$2:$S$61,MATCH($A35,$X$2:$X$61,0))) | H35: =IF($A35="","",INDEX($T$2:$T$61,MATCH($A35,$X$2:$X$61,0))) | I35: =IF($A35="","",INDEX($U$2:$U$61,MATCH($A35,$X$2:$X$61,0))) | J35: =IF($A35="","",INDEX($V$2:$V$61,MATCH($A35,$X$2:$X$61,0))) | K35: =IF($A35="","",INDEX($AN$2:$AN$61,MATCH($A35,$X$2:$X$61,0))) | N35: =IFERROR(INDEX(Partidos!$C$2:$C$1401,MATCH("TEAM|34",Partidos!$AE$2:$AE$1401,0)),IFERROR(INDEX(Partidos!$D$2:$D$1401,MATCH("TEAM|34",Partidos!$AF$2:$AF$1401,0)),"")) | O35: =IF(N35="","",COUNTIF(Partidos!$C$2:$C$1401,N35)+COUNTIF(Partidos!$D$2:$D$1401,N35)) | P35: =IF(N35="","",SUMPRODUCT((Partidos!$C$2:$C$1401=N35)*(Partidos!$E$2:$E$1401>Partidos!$F$2:$F$1401))+SUMPRODUCT((Partidos!$D$2:$D$1401=N35)*(Partidos!$F$2:$F$1401>Partidos!$E$2:$E$1401))) | Q35: =IF(N35="","",SUMPRODUCT((((Partidos!$C$2:$C$1401=N35)+(Partidos!$D$2:$D$1401=N35)))*(Partidos!$E$2:$E$1401=Partidos!$F$2:$F$1401)*(Partidos!$C$2:$C$1401<>""))) | R35: =IF(N35="","",O35-P35-Q35) | S35: =IF(N35="","",SUMIF(Partidos!$C$2:$C$1401,N35,Partidos!$E$2:$E$1401)+SUMIF(Partidos!$D$2:$D$1401,N35,Partidos!$F$2:$F$1401)) | T35: =IF(N35="","",SUMIF(Partidos!$C$2:$C$1401,N35,Partidos!$F$2:$F$1401)+SUMIF(Partidos!$D$2:$D$1401,N35,Partidos!$E$2:$E$1401)) | U35: =IF(N35="","",S35-T35) | V35: =IF(N35="","",P35*3+Q35) | W35: =IF(N35="","",V35*1000000+U35*1000+S35+(ROW()*0.0000001)) | X35: =IF(N35="","",RANK(W35,$W$2:$W$61)) | Y35: =IF(N35="","",O35-4) | Z35: =IF(N35="","",O35-3) | AA35: =IF(N35="","",O35-2) | AB35: =IF(N35="","",O35-1) | AC35: =IF(N35="","",O35-0) | AD35: =IF(OR(N35="",Y35=""),"",IF(Y35<1,"",IFERROR(MATCH($N35&"|"&Y35,Partidos!$Y:$Y,0),IFERROR(MATCH($N35&"|"&Y35,Partidos!$Z:$Z,0),"")))) | AE35: =IF(OR(N35="",Z35=""),"",IF(Z35<1,"",IFERROR(MATCH($N35&"|"&Z35,Partidos!$Y:$Y,0),IFERROR(MATCH($N35&"|"&Z35,Partidos!$Z:$Z,0),"")))) | AF35: =IF(OR(N35="",AA35=""),"",IF(AA35<1,"",IFERROR(MATCH($N35&"|"&AA35,Partidos!$Y:$Y,0),IFERROR(MATCH($N35&"|"&AA35,Partidos!$Z:$Z,0),"")))) | AG35: =IF(OR(N35="",AB35=""),"",IF(AB35<1,"",IFERROR(MATCH($N35&"|"&AB35,Partidos!$Y:$Y,0),IFERROR(MATCH($N35&"|"&AB35,Partidos!$Z:$Z,0),"")))) | AH35: =IF(OR(N35="",AC35=""),"",IF(AC35<1,"",IFERROR(MATCH($N35&"|"&AC35,Partidos!$Y:$Y,0),IFERROR(MATCH($N35&"|"&AC35,Partidos!$Z:$Z,0),"")))) | AI35: =IF(AD35="","",IF(INDEX(Partidos!$C:$C,AD35)=$N35,IF(INDEX(Partidos!$E:$E,AD35)>INDEX(Partidos!$F:$F,AD35),"V",IF(INDEX(Partidos!$E:$E,AD35)=INDEX(Partidos!$F:$F,AD35),"E","P")),IF(INDEX(Partidos!$F:$F,AD35)>INDEX(Partidos!$E:$E,AD35),"V",IF(INDEX(Partidos!$F:$F,AD35)=INDEX(Partidos!$E:$E,AD35),"E","P")))) | AJ35: =IF(AE35="","",IF(INDEX(Partidos!$C:$C,AE35)=$N35,IF(INDEX(Partidos!$E:$E,AE35)>INDEX(Partidos!$F:$F,AE35),"V",IF(INDEX(Partidos!$E:$E,AE35)=INDEX(Partidos!$F:$F,AE35),"E","P")),IF(INDEX(Partidos!$F:$F,AE35)>INDEX(Partidos!$E:$E,AE35),"V",IF(INDEX(Partidos!$F:$F,AE35)=INDEX(Partidos!$E:$E,AE35),"E","P")))) | AK35: =IF(AF35="","",IF(INDEX(Partidos!$C:$C,AF35)=$N35,IF(INDEX(Partidos!$E:$E,AF35)>INDEX(Partidos!$F:$F,AF35),"V",IF(INDEX(Partidos!$E:$E,AF35)=INDEX(Partidos!$F:$F,AF35),"E","P")),IF(INDEX(Partidos!$F:$F,AF35)>INDEX(Partidos!$E:$E,AF35),"V",IF(INDEX(Partidos!$F:$F,AF35)=INDEX(Partidos!$E:$E,AF35),"E","P")))) | AL35: =IF(AG35="","",IF(INDEX(Partidos!$C:$C,AG35)=$N35,IF(INDEX(Partidos!$E:$E,AG35)>INDEX(Partidos!$F:$F,AG35),"V",IF(INDEX(Partidos!$E:$E,AG35)=INDEX(Partidos!$F:$F,AG35),"E","P")),IF(INDEX(Partidos!$F:$F,AG35)>INDEX(Partidos!$E:$E,AG35),"V",IF(INDEX(Partidos!$F:$F,AG35)=INDEX(Partidos!$E:$E,AG35),"E","P")))) | AM35: =IF(AH35="","",IF(INDEX(Partidos!$C:$C,AH35)=$N35,IF(INDEX(Partidos!$E:$E,AH35)>INDEX(Partidos!$F:$F,AH35),"V",IF(INDEX(Partidos!$E:$E,AH35)=INDEX(Partidos!$F:$F,AH35),"E","P")),IF(INDEX(Partidos!$F:$F,AH35)>INDEX(Partidos!$E:$E,AH35),"V",IF(INDEX(Partidos!$F:$F,AH35)=INDEX(Partidos!$E:$E,AH35),"E","P")))) | AN35: =IF(N35="","",_xlfn.TEXTJOIN("-",TRUE(),AI35:AM35)) | AO35: =IF(N35="","",RANK(S35,$S$2:$S$61,0)) | AP35: =IF(AO35=1,SUMPRODUCT(($AO$2:AO35=1)*1),"") | AQ35: =IF(AO35=1,"GF|"&AP35,"") | AR35: =IF(N35="","",RANK(T35,$T$2:$T$61,1)) | AS35: =IF(AR35=1,SUMPRODUCT(($AR$2:AR35=1)*1),"") | AT35: =IF(AR35=1,"GC|"&AS35,"")
A36: =IF(COUNT($X$2:$X$61)>=35,35,"") | B36: =IF($A36="","",INDEX($N$2:$N$61,MATCH($A36,$X$2:$X$61,0))) | C36: =IF($A36="","",INDEX($O$2:$O$61,MATCH($A36,$X$2:$X$61,0))) | D36: =IF($A36="","",INDEX($P$2:$P$61,MATCH($A36,$X$2:$X$61,0))) | E36: =IF($A36="","",INDEX($Q$2:$Q$61,MATCH($A36,$X$2:$X$61,0))) | F36: =IF($A36="","",INDEX($R$2:$R$61,MATCH($A36,$X$2:$X$61,0))) | G36: =IF($A36="","",INDEX($S$2:$S$61,MATCH($A36,$X$2:$X$61,0))) | H36: =IF($A36="","",INDEX($T$2:$T$61,MATCH($A36,$X$2:$X$61,0))) | I36: =IF($A36="","",INDEX($U$2:$U$61,MATCH($A36,$X$2:$X$61,0))) | J36: =IF($A36="","",INDEX($V$2:$V$61,MATCH($A36,$X$2:$X$61,0))) | K36: =IF($A36="","",INDEX($AN$2:$AN$61,MATCH($A36,$X$2:$X$61,0))) | N36: =IFERROR(INDEX(Partidos!$C$2:$C$1401,MATCH("TEAM|35",Partidos!$AE$2:$AE$1401,0)),IFERROR(INDEX(Partidos!$D$2:$D$1401,MATCH("TEAM|35",Partidos!$AF$2:$AF$1401,0)),"")) | O36: =IF(N36="","",COUNTIF(Partidos!$C$2:$C$1401,N36)+COUNTIF(Partidos!$D$2:$D$1401,N36)) | P36: =IF(N36="","",SUMPRODUCT((Partidos!$C$2:$C$1401=N36)*(Partidos!$E$2:$E$1401>Partidos!$F$2:$F$1401))+SUMPRODUCT((Partidos!$D$2:$D$1401=N36)*(Partidos!$F$2:$F$1401>Partidos!$E$2:$E$1401))) | Q36: =IF(N36="","",SUMPRODUCT((((Partidos!$C$2:$C$1401=N36)+(Partidos!$D$2:$D$1401=N36)))*(Partidos!$E$2:$E$1401=Partidos!$F$2:$F$1401)*(Partidos!$C$2:$C$1401<>""))) | R36: =IF(N36="","",O36-P36-Q36) | S36: =IF(N36="","",SUMIF(Partidos!$C$2:$C$1401,N36,Partidos!$E$2:$E$1401)+SUMIF(Partidos!$D$2:$D$1401,N36,Partidos!$F$2:$F$1401)) | T36: =IF(N36="","",SUMIF(Partidos!$C$2:$C$1401,N36,Partidos!$F$2:$F$1401)+SUMIF(Partidos!$D$2:$D$1401,N36,Partidos!$E$2:$E$1401)) | U36: =IF(N36="","",S36-T36) | V36: =IF(N36="","",P36*3+Q36) | W36: =IF(N36="","",V36*1000000+U36*1000+S36+(ROW()*0.0000001)) | X36: =IF(N36="","",RANK(W36,$W$2:$W$61)) | Y36: =IF(N36="","",O36-4) | Z36: =IF(N36="","",O36-3) | AA36: =IF(N36="","",O36-2) | AB36: =IF(N36="","",O36-1) | AC36: =IF(N36="","",O36-0) | AD36: =IF(OR(N36="",Y36=""),"",IF(Y36<1,"",IFERROR(MATCH($N36&"|"&Y36,Partidos!$Y:$Y,0),IFERROR(MATCH($N36&"|"&Y36,Partidos!$Z:$Z,0),"")))) | AE36: =IF(OR(N36="",Z36=""),"",IF(Z36<1,"",IFERROR(MATCH($N36&"|"&Z36,Partidos!$Y:$Y,0),IFERROR(MATCH($N36&"|"&Z36,Partidos!$Z:$Z,0),"")))) | AF36: =IF(OR(N36="",AA36=""),"",IF(AA36<1,"",IFERROR(MATCH($N36&"|"&AA36,Partidos!$Y:$Y,0),IFERROR(MATCH($N36&"|"&AA36,Partidos!$Z:$Z,0),"")))) | AG36: =IF(OR(N36="",AB36=""),"",IF(AB36<1,"",IFERROR(MATCH($N36&"|"&AB36,Partidos!$Y:$Y,0),IFERROR(MATCH($N36&"|"&AB36,Partidos!$Z:$Z,0),"")))) | AH36: =IF(OR(N36="",AC36=""),"",IF(AC36<1,"",IFERROR(MATCH($N36&"|"&AC36,Partidos!$Y:$Y,0),IFERROR(MATCH($N36&"|"&AC36,Partidos!$Z:$Z,0),"")))) | AI36: =IF(AD36="","",IF(INDEX(Partidos!$C:$C,AD36)=$N36,IF(INDEX(Partidos!$E:$E,AD36)>INDEX(Partidos!$F:$F,AD36),"V",IF(INDEX(Partidos!$E:$E,AD36)=INDEX(Partidos!$F:$F,AD36),"E","P")),IF(INDEX(Partidos!$F:$F,AD36)>INDEX(Partidos!$E:$E,AD36),"V",IF(INDEX(Partidos!$F:$F,AD36)=INDEX(Partidos!$E:$E,AD36),"E","P")))) | AJ36: =IF(AE36="","",IF(INDEX(Partidos!$C:$C,AE36)=$N36,IF(INDEX(Partidos!$E:$E,AE36)>INDEX(Partidos!$F:$F,AE36),"V",IF(INDEX(Partidos!$E:$E,AE36)=INDEX(Partidos!$F:$F,AE36),"E","P")),IF(INDEX(Partidos!$F:$F,AE36)>INDEX(Partidos!$E:$E,AE36),"V",IF(INDEX(Partidos!$F:$F,AE36)=INDEX(Partidos!$E:$E,AE36),"E","P")))) | AK36: =IF(AF36="","",IF(INDEX(Partidos!$C:$C,AF36)=$N36,IF(INDEX(Partidos!$E:$E,AF36)>INDEX(Partidos!$F:$F,AF36),"V",IF(INDEX(Partidos!$E:$E,AF36)=INDEX(Partidos!$F:$F,AF36),"E","P")),IF(INDEX(Partidos!$F:$F,AF36)>INDEX(Partidos!$E:$E,AF36),"V",IF(INDEX(Partidos!$F:$F,AF36)=INDEX(Partidos!$E:$E,AF36),"E","P")))) | AL36: =IF(AG36="","",IF(INDEX(Partidos!$C:$C,AG36)=$N36,IF(INDEX(Partidos!$E:$E,AG36)>INDEX(Partidos!$F:$F,AG36),"V",IF(INDEX(Partidos!$E:$E,AG36)=INDEX(Partidos!$F:$F,AG36),"E","P")),IF(INDEX(Partidos!$F:$F,AG36)>INDEX(Partidos!$E:$E,AG36),"V",IF(INDEX(Partidos!$F:$F,AG36)=INDEX(Partidos!$E:$E,AG36),"E","P")))) | AM36: =IF(AH36="","",IF(INDEX(Partidos!$C:$C,AH36)=$N36,IF(INDEX(Partidos!$E:$E,AH36)>INDEX(Partidos!$F:$F,AH36),"V",IF(INDEX(Partidos!$E:$E,AH36)=INDEX(Partidos!$F:$F,AH36),"E","P")),IF(INDEX(Partidos!$F:$F,AH36)>INDEX(Partidos!$E:$E,AH36),"V",IF(INDEX(Partidos!$F:$F,AH36)=INDEX(Partidos!$E:$E,AH36),"E","P")))) | AN36: =IF(N36="","",_xlfn.TEXTJOIN("-",TRUE(),AI36:AM36)) | AO36: =IF(N36="","",RANK(S36,$S$2:$S$61,0)) | AP36: =IF(AO36=1,SUMPRODUCT(($AO$2:AO36=1)*1),"") | AQ36: =IF(AO36=1,"GF|"&AP36,"") | AR36: =IF(N36="","",RANK(T36,$T$2:$T$61,1)) | AS36: =IF(AR36=1,SUMPRODUCT(($AR$2:AR36=1)*1),"") | AT36: =IF(AR36=1,"GC|"&AS36,"")
A37: =IF(COUNT($X$2:$X$61)>=36,36,"") | B37: =IF($A37="","",INDEX($N$2:$N$61,MATCH($A37,$X$2:$X$61,0))) | C37: =IF($A37="","",INDEX($O$2:$O$61,MATCH($A37,$X$2:$X$61,0))) | D37: =IF($A37="","",INDEX($P$2:$P$61,MATCH($A37,$X$2:$X$61,0))) | E37: =IF($A37="","",INDEX($Q$2:$Q$61,MATCH($A37,$X$2:$X$61,0))) | F37: =IF($A37="","",INDEX($R$2:$R$61,MATCH($A37,$X$2:$X$61,0))) | G37: =IF($A37="","",INDEX($S$2:$S$61,MATCH($A37,$X$2:$X$61,0))) | H37: =IF($A37="","",INDEX($T$2:$T$61,MATCH($A37,$X$2:$X$61,0))) | I37: =IF($A37="","",INDEX($U$2:$U$61,MATCH($A37,$X$2:$X$61,0))) | J37: =IF($A37="","",INDEX($V$2:$V$61,MATCH($A37,$X$2:$X$61,0))) | K37: =IF($A37="","",INDEX($AN$2:$AN$61,MATCH($A37,$X$2:$X$61,0))) | N37: =IFERROR(INDEX(Partidos!$C$2:$C$1401,MATCH("TEAM|36",Partidos!$AE$2:$AE$1401,0)),IFERROR(INDEX(Partidos!$D$2:$D$1401,MATCH("TEAM|36",Partidos!$AF$2:$AF$1401,0)),"")) | O37: =IF(N37="","",COUNTIF(Partidos!$C$2:$C$1401,N37)+COUNTIF(Partidos!$D$2:$D$1401,N37)) | P37: =IF(N37="","",SUMPRODUCT((Partidos!$C$2:$C$1401=N37)*(Partidos!$E$2:$E$1401>Partidos!$F$2:$F$1401))+SUMPRODUCT((Partidos!$D$2:$D$1401=N37)*(Partidos!$F$2:$F$1401>Partidos!$E$2:$E$1401))) | Q37: =IF(N37="","",SUMPRODUCT((((Partidos!$C$2:$C$1401=N37)+(Partidos!$D$2:$D$1401=N37)))*(Partidos!$E$2:$E$1401=Partidos!$F$2:$F$1401)*(Partidos!$C$2:$C$1401<>""))) | R37: =IF(N37="","",O37-P37-Q37) | S37: =IF(N37="","",SUMIF(Partidos!$C$2:$C$1401,N37,Partidos!$E$2:$E$1401)+SUMIF(Partidos!$D$2:$D$1401,N37,Partidos!$F$2:$F$1401)) | T37: =IF(N37="","",SUMIF(Partidos!$C$2:$C$1401,N37,Partidos!$F$2:$F$1401)+SUMIF(Partidos!$D$2:$D$1401,N37,Partidos!$E$2:$E$1401)) | U37: =IF(N37="","",S37-T37) | V37: =IF(N37="","",P37*3+Q37) | W37: =IF(N37="","",V37*1000000+U37*1000+S37+(ROW()*0.0000001)) | X37: =IF(N37="","",RANK(W37,$W$2:$W$61)) | Y37: =IF(N37="","",O37-4) | Z37: =IF(N37="","",O37-3) | AA37: =IF(N37="","",O37-2) | AB37: =IF(N37="","",O37-1) | AC37: =IF(N37="","",O37-0) | AD37: =IF(OR(N37="",Y37=""),"",IF(Y37<1,"",IFERROR(MATCH($N37&"|"&Y37,Partidos!$Y:$Y,0),IFERROR(MATCH($N37&"|"&Y37,Partidos!$Z:$Z,0),"")))) | AE37: =IF(OR(N37="",Z37=""),"",IF(Z37<1,"",IFERROR(MATCH($N37&"|"&Z37,Partidos!$Y:$Y,0),IFERROR(MATCH($N37&"|"&Z37,Partidos!$Z:$Z,0),"")))) | AF37: =IF(OR(N37="",AA37=""),"",IF(AA37<1,"",IFERROR(MATCH($N37&"|"&AA37,Partidos!$Y:$Y,0),IFERROR(MATCH($N37&"|"&AA37,Partidos!$Z:$Z,0),"")))) | AG37: =IF(OR(N37="",AB37=""),"",IF(AB37<1,"",IFERROR(MATCH($N37&"|"&AB37,Partidos!$Y:$Y,0),IFERROR(MATCH($N37&"|"&AB37,Partidos!$Z:$Z,0),"")))) | AH37: =IF(OR(N37="",AC37=""),"",IF(AC37<1,"",IFERROR(MATCH($N37&"|"&AC37,Partidos!$Y:$Y,0),IFERROR(MATCH($N37&"|"&AC37,Partidos!$Z:$Z,0),"")))) | AI37: =IF(AD37="","",IF(INDEX(Partidos!$C:$C,AD37)=$N37,IF(INDEX(Partidos!$E:$E,AD37)>INDEX(Partidos!$F:$F,AD37),"V",IF(INDEX(Partidos!$E:$E,AD37)=INDEX(Partidos!$F:$F,AD37),"E","P")),IF(INDEX(Partidos!$F:$F,AD37)>INDEX(Partidos!$E:$E,AD37),"V",IF(INDEX(Partidos!$F:$F,AD37)=INDEX(Partidos!$E:$E,AD37),"E","P")))) | AJ37: =IF(AE37="","",IF(INDEX(Partidos!$C:$C,AE37)=$N37,IF(INDEX(Partidos!$E:$E,AE37)>INDEX(Partidos!$F:$F,AE37),"V",IF(INDEX(Partidos!$E:$E,AE37)=INDEX(Partidos!$F:$F,AE37),"E","P")),IF(INDEX(Partidos!$F:$F,AE37)>INDEX(Partidos!$E:$E,AE37),"V",IF(INDEX(Partidos!$F:$F,AE37)=INDEX(Partidos!$E:$E,AE37),"E","P")))) | AK37: =IF(AF37="","",IF(INDEX(Partidos!$C:$C,AF37)=$N37,IF(INDEX(Partidos!$E:$E,AF37)>INDEX(Partidos!$F:$F,AF37),"V",IF(INDEX(Partidos!$E:$E,AF37)=INDEX(Partidos!$F:$F,AF37),"E","P")),IF(INDEX(Partidos!$F:$F,AF37)>INDEX(Partidos!$E:$E,AF37),"V",IF(INDEX(Partidos!$F:$F,AF37)=INDEX(Partidos!$E:$E,AF37),"E","P")))) | AL37: =IF(AG37="","",IF(INDEX(Partidos!$C:$C,AG37)=$N37,IF(INDEX(Partidos!$E:$E,AG37)>INDEX(Partidos!$F:$F,AG37),"V",IF(INDEX(Partidos!$E:$E,AG37)=INDEX(Partidos!$F:$F,AG37),"E","P")),IF(INDEX(Partidos!$F:$F,AG37)>INDEX(Partidos!$E:$E,AG37),"V",IF(INDEX(Partidos!$F:$F,AG37)=INDEX(Partidos!$E:$E,AG37),"E","P")))) | AM37: =IF(AH37="","",IF(INDEX(Partidos!$C:$C,AH37)=$N37,IF(INDEX(Partidos!$E:$E,AH37)>INDEX(Partidos!$F:$F,AH37),"V",IF(INDEX(Partidos!$E:$E,AH37)=INDEX(Partidos!$F:$F,AH37),"E","P")),IF(INDEX(Partidos!$F:$F,AH37)>INDEX(Partidos!$E:$E,AH37),"V",IF(INDEX(Partidos!$F:$F,AH37)=INDEX(Partidos!$E:$E,AH37),"E","P")))) | AN37: =IF(N37="","",_xlfn.TEXTJOIN("-",TRUE(),AI37:AM37)) | AO37: =IF(N37="","",RANK(S37,$S$2:$S$61,0)) | AP37: =IF(AO37=1,SUMPRODUCT(($AO$2:AO37=1)*1),"") | AQ37: =IF(AO37=1,"GF|"&AP37,"") | AR37: =IF(N37="","",RANK(T37,$T$2:$T$61,1)) | AS37: =IF(AR37=1,SUMPRODUCT(($AR$2:AR37=1)*1),"") | AT37: =IF(AR37=1,"GC|"&AS37,"")
A38: =IF(COUNT($X$2:$X$61)>=37,37,"") | B38: =IF($A38="","",INDEX($N$2:$N$61,MATCH($A38,$X$2:$X$61,0))) | C38: =IF($A38="","",INDEX($O$2:$O$61,MATCH($A38,$X$2:$X$61,0))) | D38: =IF($A38="","",INDEX($P$2:$P$61,MATCH($A38,$X$2:$X$61,0))) | E38: =IF($A38="","",INDEX($Q$2:$Q$61,MATCH($A38,$X$2:$X$61,0))) | F38: =IF($A38="","",INDEX($R$2:$R$61,MATCH($A38,$X$2:$X$61,0))) | G38: =IF($A38="","",INDEX($S$2:$S$61,MATCH($A38,$X$2:$X$61,0))) | H38: =IF($A38="","",INDEX($T$2:$T$61,MATCH($A38,$X$2:$X$61,0))) | I38: =IF($A38="","",INDEX($U$2:$U$61,MATCH($A38,$X$2:$X$61,0))) | J38: =IF($A38="","",INDEX($V$2:$V$61,MATCH($A38,$X$2:$X$61,0))) | K38: =IF($A38="","",INDEX($AN$2:$AN$61,MATCH($A38,$X$2:$X$61,0))) | N38: =IFERROR(INDEX(Partidos!$C$2:$C$1401,MATCH("TEAM|37",Partidos!$AE$2:$AE$1401,0)),IFERROR(INDEX(Partidos!$D$2:$D$1401,MATCH("TEAM|37",Partidos!$AF$2:$AF$1401,0)),"")) | O38: =IF(N38="","",COUNTIF(Partidos!$C$2:$C$1401,N38)+COUNTIF(Partidos!$D$2:$D$1401,N38)) | P38: =IF(N38="","",SUMPRODUCT((Partidos!$C$2:$C$1401=N38)*(Partidos!$E$2:$E$1401>Partidos!$F$2:$F$1401))+SUMPRODUCT((Partidos!$D$2:$D$1401=N38)*(Partidos!$F$2:$F$1401>Partidos!$E$2:$E$1401))) | Q38: =IF(N38="","",SUMPRODUCT((((Partidos!$C$2:$C$1401=N38)+(Partidos!$D$2:$D$1401=N38)))*(Partidos!$E$2:$E$1401=Partidos!$F$2:$F$1401)*(Partidos!$C$2:$C$1401<>""))) | R38: =IF(N38="","",O38-P38-Q38) | S38: =IF(N38="","",SUMIF(Partidos!$C$2:$C$1401,N38,Partidos!$E$2:$E$1401)+SUMIF(Partidos!$D$2:$D$1401,N38,Partidos!$F$2:$F$1401)) | T38: =IF(N38="","",SUMIF(Partidos!$C$2:$C$1401,N38,Partidos!$F$2:$F$1401)+SUMIF(Partidos!$D$2:$D$1401,N38,Partidos!$E$2:$E$1401)) | U38: =IF(N38="","",S38-T38) | V38: =IF(N38="","",P38*3+Q38) | W38: =IF(N38="","",V38*1000000+U38*1000+S38+(ROW()*0.0000001)) | X38: =IF(N38="","",RANK(W38,$W$2:$W$61)) | Y38: =IF(N38="","",O38-4) | Z38: =IF(N38="","",O38-3) | AA38: =IF(N38="","",O38-2) | AB38: =IF(N38="","",O38-1) | AC38: =IF(N38="","",O38-0) | AD38: =IF(OR(N38="",Y38=""),"",IF(Y38<1,"",IFERROR(MATCH($N38&"|"&Y38,Partidos!$Y:$Y,0),IFERROR(MATCH($N38&"|"&Y38,Partidos!$Z:$Z,0),"")))) | AE38: =IF(OR(N38="",Z38=""),"",IF(Z38<1,"",IFERROR(MATCH($N38&"|"&Z38,Partidos!$Y:$Y,0),IFERROR(MATCH($N38&"|"&Z38,Partidos!$Z:$Z,0),"")))) | AF38: =IF(OR(N38="",AA38=""),"",IF(AA38<1,"",IFERROR(MATCH($N38&"|"&AA38,Partidos!$Y:$Y,0),IFERROR(MATCH($N38&"|"&AA38,Partidos!$Z:$Z,0),"")))) | AG38: =IF(OR(N38="",AB38=""),"",IF(AB38<1,"",IFERROR(MATCH($N38&"|"&AB38,Partidos!$Y:$Y,0),IFERROR(MATCH($N38&"|"&AB38,Partidos!$Z:$Z,0),"")))) | AH38: =IF(OR(N38="",AC38=""),"",IF(AC38<1,"",IFERROR(MATCH($N38&"|"&AC38,Partidos!$Y:$Y,0),IFERROR(MATCH($N38&"|"&AC38,Partidos!$Z:$Z,0),"")))) | AI38: =IF(AD38="","",IF(INDEX(Partidos!$C:$C,AD38)=$N38,IF(INDEX(Partidos!$E:$E,AD38)>INDEX(Partidos!$F:$F,AD38),"V",IF(INDEX(Partidos!$E:$E,AD38)=INDEX(Partidos!$F:$F,AD38),"E","P")),IF(INDEX(Partidos!$F:$F,AD38)>INDEX(Partidos!$E:$E,AD38),"V",IF(INDEX(Partidos!$F:$F,AD38)=INDEX(Partidos!$E:$E,AD38),"E","P")))) | AJ38: =IF(AE38="","",IF(INDEX(Partidos!$C:$C,AE38)=$N38,IF(INDEX(Partidos!$E:$E,AE38)>INDEX(Partidos!$F:$F,AE38),"V",IF(INDEX(Partidos!$E:$E,AE38)=INDEX(Partidos!$F:$F,AE38),"E","P")),IF(INDEX(Partidos!$F:$F,AE38)>INDEX(Partidos!$E:$E,AE38),"V",IF(INDEX(Partidos!$F:$F,AE38)=INDEX(Partidos!$E:$E,AE38),"E","P")))) | AK38: =IF(AF38="","",IF(INDEX(Partidos!$C:$C,AF38)=$N38,IF(INDEX(Partidos!$E:$E,AF38)>INDEX(Partidos!$F:$F,AF38),"V",IF(INDEX(Partidos!$E:$E,AF38)=INDEX(Partidos!$F:$F,AF38),"E","P")),IF(INDEX(Partidos!$F:$F,AF38)>INDEX(Partidos!$E:$E,AF38),"V",IF(INDEX(Partidos!$F:$F,AF38)=INDEX(Partidos!$E:$E,AF38),"E","P")))) | AL38: =IF(AG38="","",IF(INDEX(Partidos!$C:$C,AG38)=$N38,IF(INDEX(Partidos!$E:$E,AG38)>INDEX(Partidos!$F:$F,AG38),"V",IF(INDEX(Partidos!$E:$E,AG38)=INDEX(Partidos!$F:$F,AG38),"E","P")),IF(INDEX(Partidos!$F:$F,AG38)>INDEX(Partidos!$E:$E,AG38),"V",IF(INDEX(Partidos!$F:$F,AG38)=INDEX(Partidos!$E:$E,AG38),"E","P")))) | AM38: =IF(AH38="","",IF(INDEX(Partidos!$C:$C,AH38)=$N38,IF(INDEX(Partidos!$E:$E,AH38)>INDEX(Partidos!$F:$F,AH38),"V",IF(INDEX(Partidos!$E:$E,AH38)=INDEX(Partidos!$F:$F,AH38),"E","P")),IF(INDEX(Partidos!$F:$F,AH38)>INDEX(Partidos!$E:$E,AH38),"V",IF(INDEX(Partidos!$F:$F,AH38)=INDEX(Partidos!$E:$E,AH38),"E","P")))) | AN38: =IF(N38="","",_xlfn.TEXTJOIN("-",TRUE(),AI38:AM38)) | AO38: =IF(N38="","",RANK(S38,$S$2:$S$61,0)) | AP38: =IF(AO38=1,SUMPRODUCT(($AO$2:AO38=1)*1),"") | AQ38: =IF(AO38=1,"GF|"&AP38,"") | AR38: =IF(N38="","",RANK(T38,$T$2:$T$61,1)) | AS38: =IF(AR38=1,SUMPRODUCT(($AR$2:AR38=1)*1),"") | AT38: =IF(AR38=1,"GC|"&AS38,"")
